index,Country/Region,Day,Confirmed,Deaths,Recovered,Active Cases,Cases,Death Rate,Recovery Rate,New Deaths,New Recovered,New Cases,New Case Rate,New Death Rate
494,Iran,0,2.0,2.0,0.0,0.0,2.0,1.0,0.0,2.0,0.0,1.0,-2.0,inf
402,Guernsey,0,3.0,0.0,0.0,3.0,3.0,0.0,0.0,-2.0,0.0,1.0,0.0,-2.0
86,Azerbaijan,0,1.0,0.0,0.0,1.0,1.0,0.0,0.0,0.0,0.0,-2.0,-3.0,-1.0
448,Hong Kong SAR,0,120.0,3.0,65.0,52.0,55.0,0.025,0.5416666666666666,3.0,65.0,118.0,-20.666666666666668,inf
409,Holy See,0,3.0,0.0,0.0,3.0,3.0,0.0,0.0,-3.0,-65.0,-117.0,-1.9915254237288136,-2.0
781,Panama,0,1.0,0.0,0.0,1.0,1.0,0.0,0.0,0.0,0.0,-2.0,-0.9829059829059829,-1.0
404,Guyana,0,1.0,1.0,0.0,0.0,1.0,1.0,0.0,1.0,0.0,0.0,-1.0,inf
788,Paraguay,0,3.0,0.0,0.0,3.0,3.0,0.0,0.0,0.0,0.0,2.0,inf,-1.0
1100,United Kingdom,0,1721.0,24.0,57.0,1640.0,1664.0,0.013945380592678676,0.03312027890761186,24.0,57.0,1711.0,189.11111111111111,inf
256,Cruise Ship,0,2088.0,21.0,975.0,1092.0,1113.0,0.010057471264367816,0.46695402298850575,-3.0,918.0,367.0,-0.7855055523085914,-1.125
587,Japan,0,2.0,0.0,0.0,2.0,2.0,0.0,0.0,-21.0,-975.0,-2086.0,-6.683923705722071,6.0
633,Kuwait,0,1.0,0.0,0.0,1.0,1.0,0.0,0.0,0.0,0.0,-1.0,-0.9995206136145733,-1.0
960,Sudan,0,1.0,1.0,0.0,0.0,1.0,1.0,0.0,1.0,0.0,-4.0,-2.0,inf
979,Switzerland,0,2.0,0.0,0.0,2.0,2.0,0.0,0.0,-1.0,0.0,1.0,-1.25,-2.0
993,Taipei and environs,0,47.0,1.0,17.0,29.0,30.0,0.02127659574468085,0.3617021276595745,1.0,17.0,45.0,44.0,-2.0
1013,Taiwan*,0,98.0,2.0,37.0,59.0,61.0,0.02040816326530612,0.37755102040816324,1.0,20.0,51.0,0.1333333333333333,0.0
302,Equatorial Guinea,0,3.0,0.0,0.0,3.0,3.0,0.0,0.0,-2.0,-37.0,-95.0,-2.8627450980392157,-3.0
546,Israel,0,1.0,0.0,0.0,1.0,1.0,0.0,0.0,0.0,0.0,-2.0,-0.9789473684210527,-1.0
495,Iran,1,5.0,2.0,0.0,3.0,5.0,0.4,0.0,2.0,0.0,-15.0,-2.25,inf
584,Jamaica,1,2.0,0.0,0.0,2.0,2.0,0.0,0.0,-2.0,0.0,-3.0,-0.8,-2.0
521,Iraq,1,2.0,0.0,0.0,2.0,2.0,0.0,0.0,0.0,0.0,0.0,-1.0,-1.0
257,Cruise Ship,1,2784.0,28.0,1300.0,1456.0,1484.0,0.010057471264367816,0.46695402298850575,28.0,1300.0,2778.0,554.6,inf
259,Cyprus,1,3.0,0.0,0.0,3.0,3.0,0.0,0.0,-28.0,-1300.0,-2781.0,-2.0010799136069117,-2.0
262,Czech Republic,1,3.0,0.0,0.0,3.0,3.0,0.0,0.0,0.0,0.0,0.0,-1.0,-1.0
179,China,1,639.0,18.0,30.0,591.0,609.0,0.028169014084507043,0.046948356807511735,18.0,30.0,632.0,inf,inf
312,Eswatini,1,3.0,0.0,0.0,3.0,3.0,0.0,0.0,-18.0,-30.0,-636.0,-2.0063291139240507,-2.0
315,Faroe Islands,1,6.0,0.0,0.0,6.0,6.0,0.0,0.0,0.0,0.0,3.0,-1.0047169811320755,-1.0
400,Guatemala,1,2.0,1.0,0.0,1.0,2.0,0.5,0.0,1.0,0.0,-1.0,-0.8888888888888888,inf
403,Guinea,1,1.0,0.0,0.0,1.0,1.0,0.0,0.0,-1.0,0.0,-1.0,0.0,-2.0
152,Canada,1,1.0,0.0,0.0,1.0,1.0,0.0,0.0,0.0,0.0,0.0,-1.0,-1.0
450,Hungary,1,4.0,0.0,0.0,4.0,4.0,0.0,0.0,-1.0,0.0,3.0,inf,-2.0
629,Kazakhstan,1,6.0,0.0,0.0,6.0,6.0,0.0,0.0,0.0,0.0,2.0,-0.33333333333333337,-1.0
782,Panama,1,35.0,2.0,0.0,33.0,35.0,0.05714285714285714,0.0,2.0,0.0,31.0,inf,inf
73,Austria,1,2.0,0.0,0.0,2.0,2.0,0.0,0.0,-2.0,0.0,-33.0,-2.064516129032258,-2.0
789,Paraguay,1,16.0,0.0,0.0,16.0,16.0,0.0,0.0,0.0,0.0,14.0,-1.4242424242424243,-1.0
1014,Taiwan*,1,49.0,1.0,20.0,28.0,29.0,0.02040816326530612,0.40816326530612246,1.0,20.0,48.0,-10.6,inf
32,Argentina,1,2.0,0.0,0.0,2.0,2.0,0.0,0.0,-1.0,-20.0,-47.0,-1.9791666666666665,-2.0
865,Saudi Arabia,1,15.0,0.0,0.0,15.0,15.0,0.0,0.0,0.0,0.0,13.0,-1.2765957446808511,-1.0
961,Sudan,1,4.0,4.0,0.0,0.0,4.0,1.0,0.0,4.0,0.0,-11.0,-1.8461538461538463,inf
868,Senegal,1,2.0,0.0,0.0,2.0,2.0,0.0,0.0,-4.0,0.0,-2.0,-0.8181818181818181,-2.0
48,Australia,1,4.0,0.0,0.0,4.0,4.0,0.0,0.0,0.0,0.0,2.0,-2.0,-1.0
1101,United Kingdom,1,2283.0,42.0,39.0,2202.0,2244.0,0.018396846254927726,0.017082785808147174,42.0,39.0,2282.0,-208.45454545454547,inf
706,Monaco,1,2.0,0.0,0.0,2.0,2.0,0.0,0.0,-42.0,-39.0,-2281.0,-1.9995617879053462,-2.0
7,Albania,1,10.0,0.0,0.0,10.0,10.0,0.0,0.0,0.0,0.0,8.0,-1.0035072336694433,-1.0
1088,Ukraine,1,3.0,1.0,0.0,2.0,3.0,0.3333333333333333,0.0,1.0,-13.0,-10.0,-3.0,inf
1107,Venezuela,2,17.0,0.0,0.0,17.0,17.0,0.0,0.0,-1.0,0.0,14.0,-2.4,-2.0
1109,Vietnam,2,2.0,0.0,0.0,2.0,2.0,0.0,0.0,0.0,0.0,-15.0,-2.071428571428571,-1.0
1089,Ukraine,2,6.0,2.0,0.0,4.0,6.0,0.3333333333333333,0.0,2.0,0.0,3.0,-2.5,inf
271,Denmark,2,8.0,0.0,0.0,8.0,8.0,0.0,0.0,-2.0,0.0,2.0,-0.33333333333333337,-2.0
1050,Turkey,2,6.0,0.0,0.0,6.0,6.0,0.0,0.0,0.0,0.0,-2.0,-2.0,-1.0
1015,Taiwan*,2,53.0,1.0,20.0,32.0,33.0,0.018867924528301886,0.37735849056603776,1.0,20.0,50.0,-26.0,inf
626,Jordan,2,1.0,0.0,1.0,0.0,0.0,0.0,1.0,-1.0,-19.0,-52.0,-2.04,-2.0
891,Slovenia,2,32.0,0.0,0.0,32.0,32.0,0.0,0.0,0.0,-1.0,31.0,-1.5961538461538463,-1.0
496,Iran,2,18.0,4.0,0.0,14.0,18.0,0.2222222222222222,0.0,4.0,0.0,13.0,inf,inf
707,Monaco,2,2.0,0.0,0.0,2.0,2.0,0.0,0.0,-4.0,0.0,-16.0,-2.230769230769231,-2.0
486,Indonesia,2,6.0,0.0,0.0,6.0,6.0,0.0,0.0,0.0,0.0,4.0,-1.25,-1.0
406,Guyana,2,1.0,1.0,0.0,0.0,1.0,1.0,0.0,1.0,0.0,-65.0,-2.0317460317460316,inf
783,Panama,2,11.0,1.0,0.0,10.0,11.0,0.09090909090909091,0.0,0.0,0.0,10.0,-1.1538461538461537,-1.0
794,Peru,2,7.0,0.0,0.0,7.0,7.0,0.0,0.0,-1.0,0.0,-4.0,-1.4,-inf
401,Guatemala,2,6.0,1.0,0.0,5.0,6.0,0.16666666666666666,0.0,1.0,0.0,-1.0,-0.75,-2.0
397,Guadeloupe,2,6.0,0.0,0.0,6.0,6.0,0.0,0.0,-1.0,0.0,0.0,-1.0,-2.0
386,Greece,2,8.0,0.0,0.0,8.0,8.0,0.0,0.0,0.0,0.0,2.0,inf,-1.0
560,Italy,2,20.0,1.0,0.0,19.0,20.0,0.05,0.0,1.0,0.0,8.0,inf,inf
1,Afghanistan,2,5.0,0.0,0.0,5.0,5.0,0.0,0.0,-1.0,0.0,-15.0,-2.875,-2.0
88,Azerbaijan,2,12.0,0.0,0.0,12.0,12.0,0.0,0.0,0.0,0.0,7.0,-1.4666666666666668,-1.0
135,Bulgaria,2,37.0,3.0,0.0,34.0,37.0,0.08108108108108109,0.0,3.0,0.0,25.0,2.5714285714285716,inf
148,Cameroon,2,2.0,0.0,0.0,2.0,2.0,0.0,0.0,-3.0,0.0,-35.0,-2.4,-2.0
153,Canada,2,2.0,0.0,0.0,2.0,2.0,0.0,0.0,0.0,0.0,0.0,-1.0,-1.0
8,Albania,2,45.0,2.0,0.0,43.0,45.0,0.044444444444444446,0.0,2.0,0.0,-21.0,-1.328125,inf
47,Aruba,2,3.0,0.0,0.0,3.0,3.0,0.0,0.0,-2.0,0.0,-42.0,1.0,-2.0
27,Andorra,2,1.0,0.0,1.0,0.0,0.0,0.0,1.0,0.0,1.0,-2.0,-0.9523809523809523,-1.0
180,China,2,916.0,26.0,36.0,854.0,880.0,0.028384279475982533,0.039301310043668124,26.0,36.0,913.0,inf,inf
708,Monaco,3,4.0,0.0,0.0,4.0,4.0,0.0,0.0,-26.0,-36.0,-912.0,-1.9989047097480832,-2.0
704,Moldova,3,35.0,0.0,0.0,35.0,35.0,0.0,0.0,0.0,0.0,31.0,-1.0339912280701755,-1.0
712,Morocco,3,3.0,1.0,0.0,2.0,3.0,0.3333333333333333,0.0,1.0,0.0,-32.0,-2.032258064516129,inf
699,Mexico,3,10.0,0.0,0.0,10.0,10.0,0.0,0.0,-1.0,0.0,7.0,-1.21875,-2.0
9,Albania,3,23.0,1.0,0.0,22.0,23.0,0.043478260869565216,0.0,1.0,0.0,13.0,0.8571428571428572,-2.0
104,Bangladesh,3,3.0,0.0,0.0,3.0,3.0,0.0,0.0,-1.0,0.0,-20.0,-2.5384615384615383,-2.0
74,Austria,3,9.0,0.0,0.0,9.0,9.0,0.0,0.0,0.0,0.0,6.0,-1.3,-1.0
697,Martinique,3,15.0,1.0,0.0,14.0,15.0,0.06666666666666667,0.0,1.0,0.0,6.0,0.0,inf
784,Panama,3,36.0,1.0,0.0,35.0,36.0,0.027777777777777776,0.0,0.0,0.0,21.0,2.5,-1.0
317,Finland,3,14.0,0.0,14.0,0.0,0.0,0.0,1.0,-1.0,14.0,-22.0,-2.0476190476190474,-inf
173,Chile,3,16.0,0.0,0.0,16.0,16.0,0.0,0.0,0.0,-14.0,2.0,-1.0909090909090908,-1.0
181,China,3,1399.0,42.0,39.0,1318.0,1360.0,0.03002144388849178,0.027877055039313797,42.0,39.0,1359.0,41.46875,inf
795,Peru,3,22.0,0.0,0.0,22.0,22.0,0.0,0.0,-42.0,-39.0,-1377.0,-2.013245033112583,-2.0
817,Poland,3,16.0,0.0,0.0,16.0,16.0,0.0,0.0,0.0,0.0,-6.0,-0.9956427015250545,-1.0
497,Iran,3,28.0,5.0,0.0,23.0,28.0,0.17857142857142858,0.0,5.0,0.0,-12.0,-2.2,inf
460,Iceland,3,6.0,0.0,0.0,6.0,6.0,0.0,0.0,-5.0,0.0,-22.0,0.8333333333333333,-2.0
141,Burkina Faso,3,30.0,0.0,0.0,30.0,30.0,0.0,0.0,0.0,0.0,24.0,-2.090909090909091,-1.0
1016,Taiwan*,3,59.0,1.0,20.0,38.0,39.0,0.01694915254237288,0.3389830508474576,1.0,18.0,49.0,-7.125,inf
411,Honduras,3,6.0,0.0,0.0,6.0,6.0,0.0,0.0,-1.0,-20.0,-53.0,-2.0816326530612246,-2.0
627,Jordan,3,8.0,0.0,1.0,7.0,7.0,0.0,0.125,0.0,1.0,2.0,-1.0377358490566038,-1.0
407,Guyana,3,8.0,2.0,0.0,6.0,8.0,0.25,0.0,2.0,-1.0,0.0,-1.0,inf
631,Kazakhstan,3,10.0,0.0,0.0,10.0,10.0,0.0,0.0,-2.0,0.0,2.0,inf,-2.0
398,Guadeloupe,3,18.0,0.0,0.0,18.0,18.0,0.0,0.0,0.0,0.0,8.0,3.0,-1.0
561,Italy,3,62.0,2.0,1.0,59.0,61.0,0.03225806451612903,0.016129032258064516,2.0,1.0,23.0,-6.75,inf
854,San Marino,3,10.0,1.0,0.0,9.0,10.0,0.1,0.0,-1.0,-1.0,-52.0,-3.260869565217391,-1.5
136,Bulgaria,3,41.0,2.0,0.0,39.0,41.0,0.04878048780487805,0.0,1.0,0.0,31.0,-1.5961538461538463,-2.0
236,Colombia,3,3.0,0.0,0.0,3.0,3.0,0.0,0.0,-2.0,0.0,-38.0,-2.225806451612903,-3.0
243,Costa Rica,3,18.0,0.0,0.0,18.0,18.0,0.0,0.0,0.0,0.0,15.0,-1.3947368421052633,-1.0
1090,Ukraine,3,7.0,1.0,0.0,6.0,7.0,0.14285714285714285,0.0,1.0,0.0,-24.0,-3.4,inf
33,Argentina,3,8.0,0.0,0.0,8.0,8.0,0.0,0.0,-1.0,0.0,1.0,-1.0416666666666667,-2.0
902,South Africa,3,7.0,0.0,0.0,7.0,7.0,0.0,0.0,0.0,0.0,-1.0,-2.0,-1.0
1102,United Kingdom,3,1557.0,57.0,20.0,1480.0,1537.0,0.036608863198458574,0.012845215157353885,57.0,20.0,1539.0,-46.26470588235294,inf
109,Belarus,4,27.0,0.0,3.0,24.0,24.0,0.0,0.1111111111111111,-57.0,-17.0,-1530.0,-1.9941520467836256,-2.0
646,Latvia,4,8.0,0.0,1.0,7.0,7.0,0.0,0.125,0.0,-2.0,-19.0,-0.9875816993464053,-1.0
1052,Turkey,4,47.0,1.0,0.0,46.0,47.0,0.02127659574468085,0.0,1.0,-1.0,39.0,-3.0526315789473686,inf
635,Kuwait,4,135.0,0.0,0.0,135.0,135.0,0.0,0.0,-1.0,0.0,88.0,1.2564102564102564,-2.0
105,Bangladesh,4,5.0,0.0,0.0,5.0,5.0,0.0,0.0,0.0,0.0,-130.0,-2.4772727272727275,-1.0
855,San Marino,4,16.0,1.0,0.0,15.0,16.0,0.0625,0.0,1.0,0.0,6.0,0.19999999999999996,inf
237,Colombia,4,31.0,0.0,0.0,31.0,31.0,0.0,0.0,-1.0,0.0,15.0,1.5,-2.0
43,Armenia,4,26.0,0.0,0.0,26.0,26.0,0.0,0.0,0.0,0.0,-5.0,-1.3333333333333333,-1.0
698,Martinique,4,16.0,1.0,0.0,15.0,16.0,0.0625,0.0,1.0,0.0,-10.0,1.0,inf
244,Costa Rica,4,36.0,0.0,0.0,36.0,36.0,0.0,0.0,-1.0,0.0,20.0,-3.0,-2.0
705,Moldova,4,23.0,0.0,0.0,23.0,23.0,0.0,0.0,0.0,0.0,-13.0,-1.65,-1.0
713,Morocco,4,12.0,2.0,1.0,9.0,11.0,0.16666666666666666,0.08333333333333333,2.0,1.0,-2.0,0.0,inf
10,Albania,4,38.0,1.0,0.0,37.0,38.0,0.02631578947368421,0.0,-1.0,-1.0,26.0,-14.0,-1.5
250,Croatia,4,14.0,0.0,0.0,14.0,14.0,0.0,0.0,-1.0,0.0,-24.0,-1.9230769230769231,0.0
735,New Zealand,4,5.0,0.0,0.0,5.0,5.0,0.0,0.0,0.0,0.0,-9.0,-0.625,-1.0
1091,Ukraine,4,14.0,2.0,0.0,12.0,14.0,0.14285714285714285,0.0,2.0,0.0,9.0,-2.0,inf
268,Czechia,4,298.0,0.0,3.0,295.0,295.0,0.0,0.010067114093959731,-2.0,3.0,284.0,30.555555555555557,-2.0
149,Cameroon,4,4.0,0.0,0.0,4.0,4.0,0.0,0.0,0.0,-3.0,-294.0,-2.035211267605634,-1.0
498,Iran,4,43.0,8.0,0.0,35.0,43.0,0.18604651162790697,0.0,8.0,0.0,34.0,-2.888888888888889,inf
461,Iceland,4,11.0,0.0,0.0,11.0,11.0,0.0,0.0,-8.0,0.0,-32.0,-1.9411764705882353,-2.0
137,Bulgaria,4,51.0,2.0,0.0,49.0,51.0,0.0392156862745098,0.0,2.0,0.0,40.0,-2.25,-1.25
34,Argentina,4,24.0,2.0,0.0,22.0,24.0,0.08333333333333333,0.0,0.0,0.0,-27.0,-1.675,-1.0
524,Iraq,4,13.0,0.0,0.0,13.0,13.0,0.0,0.0,-2.0,0.0,-11.0,-0.5925925925925926,-inf
550,Israel,4,4.0,0.0,1.0,3.0,3.0,0.0,0.25,0.0,1.0,-9.0,-0.18181818181818177,-1.0
1103,United Kingdom,4,1953.0,55.0,53.0,1845.0,1900.0,0.02816180235535074,0.02713773681515617,55.0,53.0,1917.0,75.68,inf
562,Italy,4,155.0,3.0,2.0,150.0,153.0,0.01935483870967742,0.012903225806451613,-52.0,-51.0,-1798.0,-1.93792383933229,-1.9454545454545453
122,Bosnia and Herzegovina,4,11.0,0.0,0.0,11.0,11.0,0.0,0.0,-3.0,-2.0,-144.0,-0.9199110122358176,-0.9423076923076923
586,Jamaica,4,12.0,0.0,2.0,10.0,10.0,0.0,0.16666666666666666,0.0,2.0,1.0,-1.0069444444444444,-1.0
1017,Taiwan*,4,67.0,1.0,20.0,46.0,47.0,0.014925373134328358,0.29850746268656714,1.0,18.0,55.0,54.0,inf
903,South Africa,4,37.0,0.0,0.0,37.0,37.0,0.0,0.0,-1.0,-20.0,-30.0,-1.5454545454545454,-2.0
28,Andorra,4,2.0,0.0,1.0,1.0,1.0,0.0,0.5,0.0,1.0,-35.0,0.16666666666666674,-1.0
408,Guyana,4,7.0,1.0,0.0,6.0,7.0,0.14285714285714285,0.0,1.0,-1.0,-10.0,-2.111111111111111,inf
743,Norway,4,19.0,0.0,0.0,19.0,19.0,0.0,0.0,-1.0,0.0,12.0,-2.2,-2.0
893,Slovenia,4,198.0,0.0,0.0,198.0,198.0,0.0,0.0,0.0,0.0,179.0,13.916666666666666,-1.0
785,Panama,4,43.0,1.0,0.0,42.0,43.0,0.023255813953488372,0.0,1.0,-1.0,39.0,-5.333333333333333,inf
791,Paraguay,4,9.0,0.0,0.0,9.0,9.0,0.0,0.0,-1.0,0.0,-34.0,-1.8717948717948718,-2.0
759,Others,4,218.0,0.0,0.0,218.0,218.0,0.0,0.0,0.0,0.0,209.0,-7.147058823529412,-1.0
182,China,4,2062.0,56.0,49.0,1957.0,2013.0,0.027158098933074686,0.02376333656644035,56.0,49.0,2020.0,71.14285714285714,inf
774,Pakistan,4,12.0,0.0,2.0,10.0,10.0,0.0,0.16666666666666666,-56.0,-47.0,-2050.0,-2.014851485148515,-2.0
306,Estonia,4,12.0,0.0,0.0,12.0,12.0,0.0,0.0,0.0,-2.0,0.0,-1.0,-1.0
801,Philippines,4,10.0,5.0,0.0,5.0,10.0,0.5,0.0,5.0,0.0,-2.0,-inf,inf
17,Algeria,5,19.0,0.0,0.0,19.0,19.0,0.0,0.0,-5.0,0.0,9.0,-5.5,-2.0
284,Ecuador,5,30.0,0.0,0.0,30.0,30.0,0.0,0.0,0.0,0.0,11.0,0.22222222222222232,-1.0
11,Albania,5,42.0,1.0,0.0,41.0,42.0,0.023809523809523808,0.0,1.0,0.0,-69.0,-1.7582417582417582,inf
4,Afghanistan,5,16.0,0.0,0.0,16.0,16.0,0.0,0.0,-1.0,0.0,-26.0,-0.6231884057971014,-2.0
753,Oman,5,15.0,0.0,2.0,13.0,13.0,0.0,0.13333333333333333,0.0,2.0,-1.0,-0.9615384615384616,-1.0
856,San Marino,5,42.0,2.0,0.0,40.0,42.0,0.047619047619047616,0.0,2.0,-2.0,27.0,-28.0,inf
742,North Macedonia,5,28.0,0.0,2.0,26.0,26.0,0.0,0.07142857142857142,-2.0,2.0,-14.0,-1.5185185185185186,-2.0
563,Italy,5,229.0,7.0,1.0,221.0,228.0,0.03056768558951965,0.004366812227074236,7.0,-1.0,201.0,-15.357142857142858,-4.5
89,Azerbaijan,5,37.0,1.0,9.0,27.0,28.0,0.02702702702702703,0.24324324324324326,-6.0,8.0,-192.0,-1.955223880597015,-1.8571428571428572
489,Indonesia,5,137.0,6.0,6.0,125.0,131.0,0.043795620437956206,0.043795620437956206,5.0,-3.0,100.0,-1.5208333333333335,-1.8333333333333335
1018,Taiwan*,5,77.0,1.0,22.0,54.0,55.0,0.012987012987012988,0.2857142857142857,-5.0,16.0,-60.0,-1.6,-2.0
736,New Zealand,5,6.0,0.0,0.0,6.0,6.0,0.0,0.0,-1.0,-22.0,-71.0,0.18333333333333335,-0.8
183,China,5,2863.0,82.0,58.0,2723.0,2805.0,0.028641285365001747,0.020258470136220747,82.0,58.0,2857.0,-41.23943661971831,-83.0
251,Croatia,5,9.0,0.0,0.0,9.0,9.0,0.0,0.0,-82.0,-58.0,-2854.0,-1.9989499474973749,-2.0
472,India,5,45.0,0.0,45.0,0.0,0.0,0.0,1.0,0.0,45.0,36.0,-1.0126138752627891,-1.0
818,Poland,5,99.0,2.0,0.0,97.0,99.0,0.020202020202020204,0.0,2.0,-45.0,54.0,0.5,inf
292,Egypt,5,30.0,0.0,2.0,28.0,28.0,0.0,0.06666666666666667,-2.0,2.0,-69.0,-2.2777777777777777,-2.0
133,Brunei,5,54.0,0.0,0.0,54.0,54.0,0.0,0.0,0.0,-2.0,24.0,-1.3478260869565217,-1.0
35,Argentina,5,17.0,1.0,0.0,16.0,17.0,0.058823529411764705,0.0,1.0,0.0,-37.0,-2.541666666666667,inf
714,Morocco,5,6.0,1.0,0.0,5.0,6.0,0.16666666666666666,0.0,0.0,0.0,-11.0,-0.7027027027027026,-1.0
44,Armenia,5,52.0,0.0,0.0,52.0,52.0,0.0,0.0,-1.0,0.0,46.0,-5.181818181818182,-inf
352,Georgia,5,30.0,0.0,0.0,30.0,30.0,0.0,0.0,0.0,0.0,-22.0,-1.4782608695652173,-1.0
499,Iran,5,61.0,12.0,0.0,49.0,61.0,0.19672131147540983,0.0,12.0,-6.0,27.0,5.75,inf
29,Andorra,5,39.0,0.0,1.0,38.0,38.0,0.0,0.02564102564102564,-12.0,1.0,-22.0,-1.8148148148148149,-2.0
786,Panama,5,55.0,1.0,0.0,54.0,55.0,0.01818181818181818,0.0,1.0,-1.0,16.0,-1.7272727272727273,-1.0833333333333333
462,Iceland,5,26.0,0.0,0.0,26.0,26.0,0.0,0.0,-1.0,0.0,-29.0,-2.8125,-2.0
245,Costa Rica,5,22.0,0.0,0.0,22.0,22.0,0.0,0.0,0.0,0.0,-4.0,-0.8620689655172413,-1.0
138,Bulgaria,5,52.0,2.0,0.0,50.0,52.0,0.038461538461538464,0.0,2.0,-2.0,40.0,-5.0,inf
965,Sweden,5,14.0,0.0,0.0,14.0,14.0,0.0,0.0,-2.0,0.0,-38.0,-1.95,-2.0
802,Philippines,5,15.0,5.0,0.0,10.0,15.0,0.3333333333333333,0.0,5.0,0.0,1.0,-1.0263157894736843,-3.5
1048,Tunisia,6,24.0,0.0,0.0,24.0,24.0,0.0,0.0,-5.0,0.0,9.0,8.0,-2.0
285,Ecuador,6,51.0,0.0,0.0,51.0,51.0,0.0,0.0,0.0,0.0,27.0,2.0,-1.0
12,Albania,6,51.0,1.0,0.0,50.0,51.0,0.0196078431372549,0.0,1.0,0.0,0.0,-1.0,inf
5,Afghanistan,6,21.0,0.0,1.0,20.0,20.0,0.0,0.047619047619047616,-1.0,1.0,-30.0,-inf,-2.0
826,Portugal,6,60.0,0.0,0.0,60.0,60.0,0.0,0.0,0.0,-1.0,39.0,-2.3,-1.0
819,Poland,6,49.0,1.0,0.0,48.0,49.0,0.02040816326530612,0.0,1.0,0.0,-11.0,-1.282051282051282,inf
844,Russia,6,65.0,0.0,6.0,59.0,59.0,0.0,0.09230769230769231,-1.0,6.0,16.0,-2.4545454545454546,-2.0
490,Indonesia,6,96.0,5.0,8.0,83.0,88.0,0.052083333333333336,0.08333333333333333,5.0,2.0,31.0,0.9375,-6.0
473,India,6,10.0,0.0,6.0,4.0,4.0,0.0,0.6,-5.0,-2.0,-86.0,-3.774193548387097,-2.0
272,Denmark,6,35.0,0.0,1.0,34.0,34.0,0.0,0.02857142857142857,0.0,-5.0,25.0,-1.2906976744186047,-1.0
36,Argentina,6,69.0,4.0,0.0,65.0,69.0,0.057971014492753624,0.0,4.0,-1.0,60.0,-3.4,inf
139,Bulgaria,6,67.0,2.0,0.0,65.0,67.0,0.029850746268656716,0.0,-2.0,0.0,-2.0,-1.0333333333333334,-1.5
500,Iran,6,95.0,16.0,0.0,79.0,95.0,0.16842105263157894,0.0,14.0,0.0,28.0,-15.0,-8.0
453,Hungary,6,30.0,0.0,1.0,29.0,29.0,0.0,0.03333333333333333,-16.0,1.0,-65.0,-3.3214285714285716,-2.142857142857143
564,Italy,6,322.0,10.0,1.0,311.0,321.0,0.031055900621118012,0.003105590062111801,10.0,0.0,292.0,-5.492307692307692,-1.625
525,Iraq,6,26.0,0.0,0.0,26.0,26.0,0.0,0.0,-10.0,-1.0,-296.0,-2.0136986301369864,-2.0
124,Bosnia and Herzegovina,6,24.0,0.0,0.0,24.0,24.0,0.0,0.0,0.0,0.0,-2.0,-0.9932432432432432,-1.0
281,Dominican Republic,6,21.0,1.0,0.0,20.0,21.0,0.047619047619047616,0.0,1.0,0.0,-3.0,0.5,inf
18,Algeria,6,60.0,0.0,0.0,60.0,60.0,0.0,0.0,-1.0,0.0,39.0,-14.0,-2.0
857,San Marino,6,23.0,1.0,0.0,22.0,23.0,0.043478260869565216,0.0,1.0,0.0,-37.0,-1.9487179487179487,-2.0
937,Spain,6,32.0,0.0,2.0,30.0,30.0,0.0,0.0625,-1.0,2.0,9.0,-1.2432432432432432,-2.0
754,Oman,6,80.0,0.0,10.0,70.0,70.0,0.0,0.125,0.0,8.0,48.0,4.333333333333333,-1.0
715,Morocco,6,17.0,1.0,1.0,15.0,16.0,0.058823529411764705,0.058823529411764705,1.0,1.0,-118.0,-2.903225806451613,inf
655,Lebanon,6,13.0,0.0,1.0,12.0,12.0,0.0,0.07692307692307693,-1.0,0.0,-4.0,-0.9661016949152542,-2.0
45,Armenia,6,78.0,0.0,1.0,77.0,77.0,0.0,0.01282051282051282,0.0,0.0,65.0,-17.25,-1.0
90,Azerbaijan,6,38.0,2.0,9.0,27.0,29.0,0.05263157894736842,0.23684210526315788,2.0,8.0,-40.0,-1.6153846153846154,inf
107,Bangladesh,6,10.0,0.0,3.0,7.0,7.0,0.0,0.3,-2.0,-6.0,-28.0,-0.30000000000000004,-2.0
647,Latvia,6,26.0,0.0,1.0,25.0,25.0,0.0,0.038461538461538464,0.0,-2.0,16.0,-1.5714285714285714,-1.0
787,Panama,6,69.0,1.0,0.0,68.0,69.0,0.014492753623188406,0.0,1.0,-24.0,30.0,-6.0,inf
637,Kuwait,6,116.0,0.0,0.0,116.0,116.0,0.0,0.0,-1.0,0.0,47.0,0.5666666666666667,-2.0
111,Belarus,6,54.0,0.0,6.0,48.0,48.0,0.0,0.1111111111111111,0.0,6.0,-62.0,-2.3191489361702127,-1.0
184,China,6,5494.0,131.0,101.0,5262.0,5393.0,0.023844193665817255,0.018383691299599565,131.0,100.0,5449.0,-18.57741935483871,inf
904,South Africa,6,38.0,0.0,0.0,38.0,38.0,0.0,0.0,-131.0,-101.0,-5456.0,-2.001284639383373,-2.0
293,Egypt,6,49.0,1.0,1.0,47.0,48.0,0.02040816326530612,0.02040816326530612,1.0,1.0,11.0,-1.002016129032258,-1.0076335877862594
737,New Zealand,6,16.0,0.0,0.0,16.0,16.0,0.0,0.0,-1.0,-1.0,-33.0,-4.0,-2.0
895,Slovenia,6,181.0,1.0,0.0,180.0,181.0,0.0055248618784530384,0.0,1.0,0.0,165.0,-6.0,-2.0
308,Estonia,6,115.0,0.0,0.0,115.0,115.0,0.0,0.0,-1.0,0.0,-66.0,-1.4,-2.0
252,Croatia,6,20.0,0.0,0.0,20.0,20.0,0.0,0.0,0.0,0.0,-95.0,0.43939393939393945,-1.0
803,Philippines,6,69.0,23.0,23.0,23.0,46.0,0.3333333333333333,0.3333333333333333,23.0,23.0,49.0,-1.5157894736842106,inf
91,Azerbaijan,7,15.0,1.0,6.0,8.0,9.0,0.06666666666666667,0.4,-22.0,-17.0,-54.0,-2.1020408163265305,-1.9565217391304348
775,Pakistan,7,20.0,0.0,2.0,18.0,18.0,0.0,0.1,-1.0,-4.0,5.0,-1.0925925925925926,-0.9545454545454546
956,Sri Lanka,7,10.0,0.0,3.0,7.0,7.0,0.0,0.3,0.0,1.0,-10.0,-3.0,-1.0
716,Morocco,7,28.0,1.0,1.0,26.0,27.0,0.03571428571428571,0.03571428571428571,1.0,-2.0,18.0,-2.8,inf
491,Indonesia,7,117.0,5.0,8.0,104.0,109.0,0.042735042735042736,0.06837606837606838,4.0,7.0,89.0,3.9444444444444446,3.0
720,Nepal,7,27.0,0.0,27.0,0.0,0.0,0.0,1.0,-5.0,19.0,-90.0,-2.01123595505618,-2.25
76,Austria,7,29.0,0.0,0.0,29.0,29.0,0.0,0.0,0.0,-27.0,2.0,-1.0222222222222221,-1.0
37,Argentina,7,34.0,2.0,1.0,31.0,33.0,0.058823529411764705,0.029411764705882353,2.0,1.0,-18.0,-1.7826086956521738,inf
738,New Zealand,7,12.0,0.0,0.0,12.0,12.0,0.0,0.0,-2.0,-1.0,-22.0,0.22222222222222232,-2.0
565,Italy,7,453.0,12.0,3.0,438.0,450.0,0.026490066225165563,0.006622516556291391,12.0,3.0,441.0,-21.045454545454547,-7.0
967,Sweden,7,21.0,0.0,0.0,21.0,21.0,0.0,0.0,-12.0,-3.0,-432.0,-1.9795918367346939,-2.0
804,Philippines,7,5.0,1.0,1.0,3.0,4.0,0.2,0.2,1.0,1.0,-16.0,-0.962962962962963,-1.0833333333333333
798,Peru,7,43.0,0.0,0.0,43.0,43.0,0.0,0.0,-1.0,-1.0,38.0,-3.375,-2.0
896,Slovenia,7,219.0,1.0,0.0,218.0,219.0,0.0045662100456621,0.0,1.0,0.0,176.0,3.6315789473684212,-2.0
115,Belgium,7,109.0,0.0,1.0,108.0,108.0,0.0,0.009174311926605505,-1.0,1.0,-110.0,-1.625,-2.0
112,Belarus,7,72.0,0.0,6.0,66.0,66.0,0.0,0.08333333333333333,0.0,5.0,-37.0,-0.6636363636363636,-1.0
820,Poland,7,103.0,3.0,0.0,100.0,103.0,0.02912621359223301,0.0,3.0,0.0,69.0,1.5555555555555554,inf
905,South Africa,7,51.0,0.0,0.0,51.0,51.0,0.0,0.0,-3.0,0.0,-52.0,-1.7536231884057971,-2.0
858,San Marino,7,72.0,2.0,0.0,70.0,72.0,0.027777777777777776,0.0,2.0,0.0,21.0,-1.4038461538461537,-1.6666666666666665
983,Switzerland,7,114.0,1.0,3.0,110.0,111.0,0.008771929824561403,0.02631578947368421,-1.0,3.0,42.0,1.0,-1.5
889,Slovakia,7,63.0,0.0,0.0,63.0,63.0,0.0,0.0,-1.0,-3.0,-51.0,-2.2142857142857144,0.0
696,Malta,7,38.0,0.0,2.0,36.0,36.0,0.0,0.05263157894736842,0.0,2.0,-25.0,-0.5098039215686274,-1.0
501,Iran,7,139.0,19.0,49.0,71.0,90.0,0.1366906474820144,0.35251798561151076,19.0,47.0,101.0,-5.04,inf
526,Iraq,7,32.0,0.0,0.0,32.0,32.0,0.0,0.0,-19.0,-49.0,-107.0,-2.0594059405940595,-2.0
675,Macau,7,7.0,0.0,0.0,7.0,7.0,0.0,0.0,0.0,0.0,-25.0,-0.7663551401869159,-1.0
185,China,7,6070.0,133.0,120.0,5817.0,5950.0,0.021911037891268532,0.019769357495881382,133.0,118.0,6025.0,157.55263157894737,inf
155,Canada,7,42.0,0.0,0.0,42.0,42.0,0.0,0.0,-133.0,-120.0,-6028.0,-2.0004979253112034,-2.0
286,Ecuador,7,56.0,4.0,0.0,52.0,56.0,0.07142857142857142,0.0,4.0,0.0,14.0,-1.002322495023225,-1.0300751879699248
6,Afghanistan,7,22.0,0.0,1.0,21.0,21.0,0.0,0.045454545454545456,-4.0,1.0,-34.0,-3.4285714285714284,-2.0
294,Egypt,7,55.0,1.0,12.0,42.0,43.0,0.01818181818181818,0.21818181818181817,1.0,11.0,33.0,-1.9705882352941178,-1.25
273,Denmark,7,90.0,0.0,1.0,89.0,89.0,0.0,0.011111111111111112,-1.0,-11.0,35.0,0.06060606060606055,-2.0
454,Hungary,7,32.0,1.0,1.0,30.0,31.0,0.03125,0.03125,1.0,0.0,-58.0,-2.6571428571428575,-2.0
265,Czech Republic,7,62.0,0.0,0.0,62.0,62.0,0.0,0.0,-1.0,-1.0,30.0,-1.5172413793103448,-2.0
145,Cambodia,7,11.0,0.0,3.0,8.0,8.0,0.0,0.2727272727272727,0.0,3.0,-51.0,-2.7,-1.0
13,Albania,7,55.0,1.0,0.0,54.0,55.0,0.01818181818181818,0.0,1.0,-3.0,47.0,-3.611111111111111,inf
19,Algeria,7,26.0,2.0,8.0,16.0,18.0,0.07692307692307693,0.3076923076923077,1.0,8.0,-29.0,-1.6170212765957448,0.0
318,Finland,7,12.0,0.0,1.0,11.0,11.0,0.0,0.08333333333333333,-2.0,-7.0,-14.0,-0.5172413793103448,-3.0
326,France,7,5.0,0.0,0.0,5.0,5.0,0.0,0.0,0.0,-1.0,-7.0,-0.5,-1.0
566,Italy,8,655.0,17.0,45.0,593.0,610.0,0.025954198473282442,0.06870229007633588,17.0,45.0,650.0,-93.85714285714286,inf
542,Ireland,8,176.0,3.0,0.0,173.0,176.0,0.017045454545454544,0.0,-14.0,-45.0,-479.0,-1.7369230769230768,-1.8235294117647058
146,Cambodia,8,21.0,0.0,3.0,18.0,18.0,0.0,0.14285714285714285,-3.0,3.0,-155.0,-0.6764091858037578,-0.7857142857142857
186,China,8,8124.0,171.0,135.0,7818.0,7989.0,0.021048744460856722,0.016617429837518464,171.0,132.0,8103.0,-53.27741935483871,-58.0
827,Portugal,8,230.0,0.0,1.0,229.0,229.0,0.0,0.004347826086956522,-171.0,-134.0,-7894.0,-1.974207083796125,-2.0
840,Romania,8,30.0,0.0,6.0,24.0,24.0,0.0,0.2,0.0,5.0,-200.0,-0.9746643020015201,-1.0
20,Algeria,8,24.0,1.0,8.0,15.0,16.0,0.041666666666666664,0.3333333333333333,1.0,2.0,-6.0,-0.97,inf
968,Sweden,8,35.0,0.0,0.0,35.0,35.0,0.0,0.0,-1.0,-8.0,11.0,-2.833333333333333,-2.0
156,Canada,8,4.0,0.0,0.0,4.0,4.0,0.0,0.0,0.0,0.0,-31.0,-3.8181818181818183,-1.0
859,San Marino,8,51.0,2.0,0.0,49.0,51.0,0.0392156862745098,0.0,2.0,0.0,47.0,-2.5161290322580645,inf
51,Australia,8,72.0,0.0,10.0,62.0,62.0,0.0,0.1388888888888889,-2.0,10.0,21.0,-0.5531914893617021,-2.0
890,Slovakia,8,72.0,0.0,0.0,72.0,72.0,0.0,0.0,0.0,-10.0,0.0,-1.0,-1.0
92,Azerbaijan,8,28.0,1.0,6.0,21.0,22.0,0.03571428571428571,0.21428571428571427,1.0,4.0,-100.0,-2.7857142857142856,inf
648,Latvia,8,34.0,0.0,1.0,33.0,33.0,0.0,0.029411764705882353,-1.0,-5.0,6.0,-1.06,-2.0
755,Oman,8,19.0,0.0,9.0,10.0,10.0,0.0,0.47368421052631576,0.0,8.0,-15.0,-3.5,-1.0
725,Netherlands,8,128.0,1.0,0.0,127.0,128.0,0.0078125,0.0,1.0,0.0,87.0,7.699999999999999,inf
721,Nepal,8,3.0,0.0,3.0,0.0,0.0,0.0,1.0,-1.0,3.0,-125.0,-2.4367816091954024,-2.0
717,Morocco,8,29.0,1.0,1.0,27.0,28.0,0.034482758620689655,0.034482758620689655,1.0,-2.0,26.0,-1.208,-2.0
319,Finland,8,30.0,0.0,2.0,28.0,28.0,0.0,0.06666666666666667,-1.0,1.0,1.0,-0.9615384615384616,-2.0
354,Georgia,8,33.0,0.0,1.0,32.0,32.0,0.0,0.030303030303030304,0.0,-1.0,3.0,2.0,-1.0
984,Switzerland,8,214.0,1.0,3.0,210.0,211.0,0.004672897196261682,0.014018691588785047,1.0,3.0,128.0,-2.07563025210084,inf
295,Egypt,8,59.0,1.0,1.0,57.0,58.0,0.01694915254237288,0.01694915254237288,0.0,-2.0,-155.0,-2.2109375,-1.0
287,Ecuador,8,37.0,2.0,0.0,35.0,37.0,0.05405405405405406,0.0,1.0,0.0,-14.0,-1.3111111111111111,inf
656,Lebanon,8,44.0,0.0,2.0,42.0,42.0,0.0,0.045454545454545456,-2.0,2.0,7.0,-1.5,-3.0
126,Bosnia and Herzegovina,8,26.0,0.0,2.0,24.0,24.0,0.0,0.07692307692307693,0.0,0.0,-18.0,-3.5714285714285716,-1.0
821,Poland,8,119.0,3.0,0.0,116.0,119.0,0.025210084033613446,0.0,3.0,0.0,-70.0,-2.6279069767441863,inf
455,Hungary,8,39.0,1.0,1.0,37.0,38.0,0.02564102564102564,0.02564102564102564,-2.0,1.0,-80.0,0.1428571428571428,-1.6666666666666665
502,Iran,8,245.0,26.0,49.0,170.0,196.0,0.10612244897959183,0.2,25.0,48.0,206.0,-3.575,-13.5
527,Iraq,8,70.0,4.0,0.0,66.0,70.0,0.05714285714285714,0.0,-22.0,-49.0,-175.0,-1.849514563106796,-1.88
492,Indonesia,8,134.0,5.0,8.0,121.0,126.0,0.03731343283582089,0.05970149253731343,1.0,8.0,64.0,-1.3657142857142857,-1.0454545454545454
939,Spain,8,84.0,0.0,2.0,82.0,82.0,0.0,0.023809523809523808,-5.0,-6.0,-50.0,-1.78125,-6.0
474,India,8,30.0,0.0,3.0,27.0,27.0,0.0,0.1,0.0,1.0,-54.0,0.08000000000000007,-1.0
38,Argentina,8,45.0,2.0,1.0,42.0,44.0,0.044444444444444446,0.022222222222222223,2.0,-2.0,15.0,-1.2777777777777777,inf
897,Slovenia,8,253.0,1.0,0.0,252.0,253.0,0.003952569169960474,0.0,-1.0,-1.0,208.0,12.866666666666667,-1.5
906,South Africa,8,124.0,0.0,0.0,124.0,124.0,0.0,0.0,-1.0,0.0,-129.0,-1.6201923076923077,0.0
157,Canada,9,40.0,0.0,0.0,40.0,40.0,0.0,0.0,0.0,0.0,-84.0,-0.34883720930232553,-1.0
456,Hungary,9,50.0,1.0,2.0,47.0,48.0,0.02,0.04,1.0,2.0,10.0,-1.119047619047619,inf
957,Sri Lanka,9,18.0,0.0,1.0,17.0,17.0,0.0,0.05555555555555555,-1.0,-1.0,-32.0,-4.2,-2.0
985,Switzerland,9,268.0,1.0,3.0,264.0,265.0,0.0037313432835820895,0.011194029850746268,1.0,2.0,250.0,-8.8125,-2.0
860,San Marino,9,142.0,7.0,0.0,135.0,142.0,0.04929577464788732,0.0,6.0,-3.0,-126.0,-1.504,5.0
800,Peru,9,117.0,0.0,1.0,116.0,116.0,0.0,0.008547008547008548,-7.0,1.0,-25.0,-0.8015873015873016,-2.166666666666667
147,Cambodia,9,33.0,0.0,1.0,32.0,32.0,0.0,0.030303030303030304,0.0,0.0,-84.0,2.36,-1.0
726,Netherlands,9,188.0,1.0,0.0,187.0,188.0,0.005319148936170213,0.0,1.0,-1.0,155.0,-2.8452380952380953,inf
898,Slovenia,9,275.0,1.0,0.0,274.0,275.0,0.0036363636363636364,0.0,0.0,0.0,87.0,-0.43870967741935485,-1.0
1093,United Arab Emirates,9,78.0,0.0,24.0,54.0,54.0,0.0,0.3076923076923077,-1.0,24.0,-197.0,-3.264367816091954,-inf
834,Qatar,9,878.0,0.0,8.0,870.0,870.0,0.0,0.009111617312072893,0.0,-16.0,800.0,-5.060913705583756,-1.0
822,Poland,9,177.0,4.0,13.0,160.0,164.0,0.022598870056497175,0.07344632768361582,4.0,5.0,-701.0,-1.87625,inf
718,Morocco,9,38.0,2.0,1.0,35.0,37.0,0.05263157894736842,0.02631578947368421,-2.0,-12.0,-139.0,-0.8017118402282454,-1.5
475,India,9,31.0,0.0,3.0,28.0,28.0,0.0,0.0967741935483871,-2.0,2.0,-7.0,-0.9496402877697842,0.0
310,Estonia,9,225.0,0.0,1.0,224.0,224.0,0.0,0.0044444444444444444,0.0,-2.0,194.0,-28.714285714285715,-1.0
187,China,9,9812.0,213.0,216.0,9383.0,9596.0,0.021708112515287405,0.022013860578883,213.0,212.0,9752.0,262.56756756756755,inf
828,Portugal,9,169.0,0.0,2.0,167.0,167.0,0.0,0.011834319526627219,-213.0,-214.0,-9643.0,-1.988822805578343,-2.0
39,Argentina,9,56.0,2.0,1.0,53.0,55.0,0.03571428571428571,0.017857142857142856,2.0,-1.0,-113.0,-0.9882816550865913,-1.0093896713615023
359,Germany,9,32.0,0.0,0.0,32.0,32.0,0.0,0.0,-2.0,-1.0,-24.0,-0.7876106194690266,-2.0
355,Georgia,9,34.0,0.0,1.0,33.0,33.0,0.0,0.029411764705882353,0.0,1.0,2.0,-1.0833333333333333,-1.0
296,Egypt,9,140.0,3.0,54.0,83.0,86.0,0.02142857142857143,0.38571428571428573,3.0,53.0,139.0,-5.212121212121212,inf
567,Italy,9,888.0,21.0,46.0,821.0,842.0,0.02364864864864865,0.0518018018018018,18.0,-8.0,748.0,4.381294964028777,5.0
671,Luxembourg,9,59.0,1.0,0.0,58.0,59.0,0.01694915254237288,0.0,-20.0,-46.0,-829.0,-2.108288770053476,-2.111111111111111
543,Ireland,9,258.0,4.0,0.0,254.0,258.0,0.015503875968992248,0.0,3.0,0.0,199.0,-1.2400482509047044,-1.15
762,Others,9,621.0,0.0,1.0,620.0,620.0,0.0,0.001610305958132045,-4.0,1.0,363.0,0.8241206030150754,-2.333333333333333
253,Croatia,9,14.0,0.0,0.0,14.0,14.0,0.0,0.0,0.0,-1.0,-607.0,-2.672176308539945,-1.0
21,Algeria,9,37.0,3.0,12.0,22.0,25.0,0.08108108108108109,0.32432432432432434,3.0,12.0,23.0,-1.0378912685337727,inf
649,Latvia,9,49.0,0.0,1.0,48.0,48.0,0.0,0.02040816326530612,-3.0,-11.0,12.0,-0.4782608695652174,-2.0
806,Philippines,9,10.0,1.0,1.0,8.0,9.0,0.1,0.1,1.0,0.0,-39.0,-4.25,-1.3333333333333333
503,Iran,9,388.0,34.0,73.0,281.0,315.0,0.08762886597938144,0.18814432989690721,33.0,72.0,378.0,-10.692307692307692,32.0
390,Greece,9,89.0,0.0,0.0,89.0,89.0,0.0,0.0,-34.0,-73.0,-299.0,-1.7910052910052912,-2.0303030303030303
552,Israel,9,16.0,0.0,1.0,15.0,15.0,0.0,0.0625,0.0,1.0,-73.0,-0.7558528428093645,-1.0
493,Indonesia,9,172.0,5.0,8.0,159.0,164.0,0.029069767441860465,0.046511627906976744,5.0,8.0,148.0,-2.541666666666667,inf
288,Ecuador,9,58.0,2.0,0.0,56.0,58.0,0.034482758620689655,0.0,-3.0,-8.0,-114.0,-1.7702702702702702,-1.6
528,Iraq,9,40.0,3.0,0.0,37.0,40.0,0.075,0.0,1.0,0.0,-18.0,-0.8421052631578947,-1.3333333333333333
682,Malaysia,10,12.0,0.0,1.0,11.0,11.0,0.0,0.08333333333333333,-3.0,1.0,-28.0,0.5555555555555556,-4.0
941,Spain,10,165.0,1.0,2.0,162.0,163.0,0.006060606060606061,0.012121212121212121,1.0,1.0,153.0,-6.464285714285714,-1.3333333333333333
657,Lebanon,10,41.0,1.0,1.0,39.0,40.0,0.024390243902439025,0.024390243902439025,0.0,-1.0,-124.0,-1.8104575163398693,-1.0
504,Iran,10,593.0,43.0,123.0,427.0,470.0,0.07251264755480608,0.20741989881956155,42.0,122.0,552.0,-5.451612903225806,inf
829,Portugal,10,245.0,0.0,2.0,243.0,243.0,0.0,0.00816326530612245,-43.0,-121.0,-348.0,-1.6304347826086958,-2.0238095238095237
986,Switzerland,10,337.0,2.0,3.0,332.0,334.0,0.005934718100890208,0.008902077151335312,2.0,1.0,92.0,-1.264367816091954,-1.0465116279069768
98,Bahrain,10,170.0,0.0,8.0,162.0,162.0,0.0,0.047058823529411764,-2.0,5.0,-167.0,-2.8152173913043477,-2.0
1056,UK,10,36.0,0.0,8.0,28.0,28.0,0.0,0.2222222222222222,0.0,0.0,-134.0,-0.19760479041916168,-1.0
391,Greece,10,388.0,3.0,0.0,385.0,388.0,0.007731958762886598,0.0,3.0,-5.0,369.0,-22.705882352941178,inf
807,Philippines,10,20.0,1.0,1.0,18.0,19.0,0.05,0.05,-2.0,1.0,-368.0,-1.997289972899729,-1.6666666666666665
958,Sri Lanka,10,28.0,0.0,1.0,27.0,27.0,0.0,0.03571428571428571,-1.0,0.0,8.0,-1.0217391304347827,-0.5
639,Kuwait,10,152.0,0.0,7.0,145.0,145.0,0.0,0.046052631578947366,0.0,6.0,124.0,14.5,-1.0
823,Poland,10,238.0,5.0,13.0,220.0,225.0,0.02100840336134454,0.0546218487394958,5.0,6.0,86.0,-0.30645161290322576,inf
672,Luxembourg,10,77.0,1.0,0.0,76.0,77.0,0.012987012987012988,0.0,-4.0,-13.0,-161.0,-2.8720930232558137,-1.8
297,Egypt,10,67.0,1.0,27.0,39.0,40.0,0.014925373134328358,0.40298507462686567,0.0,27.0,-10.0,-0.937888198757764,-1.0
274,Denmark,10,615.0,0.0,1.0,614.0,614.0,0.0,0.0016260162601626016,-1.0,-26.0,548.0,-55.8,-inf
188,China,10,11852.0,259.0,273.0,11320.0,11579.0,0.021852851839352008,0.023034087073911576,259.0,272.0,11237.0,19.505474452554743,-260.0
744,Norway,10,147.0,0.0,0.0,147.0,147.0,0.0,0.0,-259.0,-273.0,-11705.0,-2.0416481267242146,-2.0
727,Netherlands,10,265.0,3.0,0.0,262.0,265.0,0.011320754716981131,0.0,3.0,0.0,118.0,-1.0100811618966254,-1.0115830115830116
861,San Marino,10,69.0,3.0,0.0,66.0,69.0,0.043478260869565216,0.0,0.0,0.0,-196.0,-2.6610169491525424,-1.0
40,Argentina,10,68.0,2.0,3.0,63.0,65.0,0.029411764705882353,0.04411764705882353,-1.0,3.0,-1.0,-0.9948979591836735,-inf
763,Others,10,1902.0,6.0,3.0,1893.0,1899.0,0.0031545741324921135,0.0015772870662460567,4.0,0.0,1834.0,-1835.0,-5.0
553,Israel,10,42.0,0.0,4.0,38.0,38.0,0.0,0.09523809523809523,-6.0,1.0,-1860.0,-2.014176663031625,-2.5
723,Nepal,10,4.0,0.0,4.0,0.0,0.0,0.0,1.0,0.0,0.0,-38.0,-0.9795698924731183,-1.0
529,Iraq,10,54.0,4.0,0.0,50.0,54.0,0.07407407407407407,0.0,4.0,-4.0,50.0,-2.3157894736842106,inf
254,Croatia,10,70.0,0.0,1.0,69.0,69.0,0.0,0.014285714285714285,-4.0,1.0,16.0,-0.6799999999999999,-2.0
78,Austria,10,79.0,0.0,0.0,79.0,79.0,0.0,0.0,0.0,-1.0,9.0,-0.4375,-1.0
568,Italy,10,1128.0,29.0,46.0,1053.0,1082.0,0.025709219858156027,0.040780141843971635,29.0,46.0,1049.0,115.55555555555556,inf
756,Oman,10,22.0,0.0,9.0,13.0,13.0,0.0,0.4090909090909091,-29.0,-37.0,-1106.0,-2.0543374642516685,-2.0
588,Japan,10,60.0,0.0,3.0,57.0,57.0,0.0,0.05,0.0,-6.0,38.0,-1.0343580470162748,-1.0
544,Ireland,10,169.0,2.0,0.0,167.0,169.0,0.011834319526627219,0.0,2.0,-3.0,109.0,1.8684210526315788,inf
22,Algeria,10,48.0,4.0,12.0,32.0,36.0,0.08333333333333333,0.25,2.0,12.0,-121.0,-2.1100917431192663,0.0
845,Russia,10,90.0,0.0,8.0,82.0,82.0,0.0,0.08888888888888889,-4.0,-4.0,42.0,-1.3471074380165289,-3.0
841,Romania,10,134.0,0.0,13.0,121.0,121.0,0.0,0.09701492537313433,0.0,5.0,44.0,0.04761904761904767,-1.0
808,Philippines,11,33.0,1.0,2.0,30.0,31.0,0.030303030303030304,0.06060606060606061,1.0,-1.0,-1.0,-0.99,inf
969,Sweden,11,161.0,0.0,0.0,161.0,161.0,0.0,0.0,-1.0,-2.0,128.0,-129.0,-2.0
392,Greece,11,228.0,3.0,8.0,217.0,220.0,0.013157894736842105,0.03508771929824561,3.0,8.0,67.0,-0.4765625,-4.0
764,Others,11,2073.0,9.0,0.0,2064.0,2073.0,0.004341534008683068,0.0,6.0,-8.0,1845.0,26.53731343283582,1.0
673,Luxembourg,11,140.0,1.0,0.0,139.0,140.0,0.007142857142857143,0.0,-8.0,0.0,-1933.0,-2.0476964769647696,-2.333333333333333
129,Brazil,11,162.0,0.0,0.0,162.0,162.0,0.0,0.0,-1.0,0.0,22.0,-1.0113812726332125,-0.875
328,France,11,120.0,10.0,40.0,70.0,80.0,0.08333333333333333,0.3333333333333333,10.0,40.0,-42.0,-2.909090909090909,-11.0
530,Iraq,11,60.0,6.0,0.0,54.0,60.0,0.1,0.0,-4.0,-40.0,-60.0,0.4285714285714286,-1.4
545,Ireland,11,223.0,2.0,5.0,216.0,218.0,0.008968609865470852,0.02242152466367713,-4.0,5.0,163.0,-3.716666666666667,0.0
1057,UK,11,40.0,0.0,8.0,32.0,32.0,0.0,0.2,-2.0,3.0,-183.0,-2.1226993865030677,-0.5
658,Lebanon,11,138.0,6.0,2.0,130.0,136.0,0.043478260869565216,0.014492753623188406,6.0,-6.0,98.0,-1.5355191256830603,-4.0
942,Spain,11,222.0,2.0,2.0,218.0,220.0,0.009009009009009009,0.009009009009009009,-4.0,0.0,84.0,-0.1428571428571429,-1.6666666666666665
505,Iran,11,978.0,54.0,175.0,749.0,803.0,0.05521472392638037,0.17893660531697342,52.0,173.0,756.0,8.0,-14.0
778,Pakistan,11,236.0,0.0,2.0,234.0,234.0,0.0,0.00847457627118644,-54.0,-173.0,-742.0,-1.9814814814814814,-2.0384615384615383
23,Algeria,11,54.0,4.0,12.0,38.0,42.0,0.07407407407407407,0.2222222222222222,4.0,10.0,-182.0,-0.7547169811320755,-1.074074074074074
360,Germany,11,48.0,0.0,36.0,12.0,12.0,0.0,0.75,-4.0,24.0,-6.0,-0.967032967032967,-2.0
987,Switzerland,11,374.0,2.0,3.0,369.0,371.0,0.0053475935828877,0.008021390374331552,2.0,-33.0,326.0,-55.333333333333336,-1.5
702,Mexico,11,41.0,0.0,4.0,37.0,37.0,0.0,0.0975609756097561,-2.0,1.0,-333.0,-2.021472392638037,-2.0
321,Finland,11,40.0,0.0,1.0,39.0,39.0,0.0,0.025,0.0,-3.0,-1.0,-0.996996996996997,-1.0
569,Italy,11,1694.0,34.0,83.0,1577.0,1611.0,0.020070838252656435,0.048996458087367176,34.0,83.0,1664.0,-167.4,inf
189,China,11,16606.0,361.0,463.0,15782.0,16143.0,0.021739130434782608,0.0278814886185716,327.0,380.0,14912.0,7.961538461538462,8.617647058823529
99,Bahrain,11,95.0,0.0,14.0,81.0,81.0,0.0,0.14736842105263157,-361.0,-449.0,-16511.0,-2.107229077253219,-2.1039755351681957
298,Egypt,11,109.0,2.0,27.0,80.0,82.0,0.01834862385321101,0.24770642201834864,2.0,13.0,14.0,-1.0008479195687723,-1.005540166204986
477,India,11,39.0,0.0,3.0,36.0,36.0,0.0,0.07692307692307693,-2.0,-24.0,-70.0,-6.0,-2.0
862,San Marino,11,80.0,5.0,4.0,71.0,76.0,0.0625,0.05,5.0,1.0,41.0,-1.5857142857142859,-3.5
728,Netherlands,11,321.0,3.0,0.0,318.0,321.0,0.009345794392523364,0.0,-2.0,-4.0,241.0,4.878048780487805,-1.4
158,Canada,11,20.0,0.0,0.0,20.0,20.0,0.0,0.0,-3.0,0.0,-301.0,-2.2489626556016598,0.5
275,Denmark,11,836.0,1.0,1.0,834.0,835.0,0.0011961722488038277,0.0011961722488038277,1.0,1.0,816.0,-3.7109634551495017,-1.3333333333333333
464,Iceland,11,219.0,0.0,2.0,217.0,217.0,0.0,0.0091324200913242,-1.0,1.0,-617.0,-1.7561274509803921,-2.0
299,Egypt,12,110.0,2.0,21.0,87.0,89.0,0.01818181818181818,0.19090909090909092,2.0,19.0,-109.0,-0.8233387358184765,-3.0
765,Others,12,1410.0,8.0,20.0,1382.0,1390.0,0.005673758865248227,0.014184397163120567,6.0,-1.0,1300.0,-12.926605504587156,2.0
465,Iceland,12,103.0,0.0,1.0,102.0,102.0,0.0,0.009708737864077669,-8.0,-19.0,-1307.0,-2.0053846153846155,-2.333333333333333
745,Norway,12,205.0,0.0,1.0,204.0,204.0,0.0,0.004878048780487805,0.0,0.0,102.0,-1.0780413159908186,-1.0
809,Philippines,12,113.0,6.0,4.0,103.0,109.0,0.05309734513274336,0.035398230088495575,6.0,2.0,-18.0,-1.2686567164179103,inf
729,Netherlands,12,382.0,4.0,0.0,378.0,382.0,0.010471204188481676,0.0,-2.0,-4.0,269.0,-15.944444444444445,-1.3333333333333333
329,France,12,14.0,1.0,11.0,2.0,3.0,0.07142857142857142,0.7857142857142857,-3.0,11.0,-368.0,-2.3680297397769516,0.5
24,Algeria,12,60.0,4.0,12.0,44.0,48.0,0.06666666666666667,0.2,3.0,1.0,46.0,-1.125,-2.0
414,Hong Kong,12,17.0,1.0,0.0,16.0,17.0,0.058823529411764705,0.0,-3.0,-12.0,-43.0,-1.9347826086956523,-2.0
589,Japan,12,45.0,0.0,1.0,44.0,44.0,0.0,0.022222222222222223,-1.0,1.0,28.0,-1.6511627906976745,-0.6666666666666667
757,Oman,12,24.0,0.0,9.0,15.0,15.0,0.0,0.375,0.0,8.0,-21.0,-1.75,-1.0
988,Switzerland,12,491.0,3.0,3.0,485.0,488.0,0.006109979633401222,0.006109979633401222,3.0,3.0,481.0,-35.357142857142854,inf
190,China,12,19692.0,425.0,614.0,18653.0,19078.0,0.021582368474507414,0.031180174690229535,422.0,611.0,19201.0,38.91891891891892,139.66666666666666
116,Belgium,12,1187.0,9.0,3.0,1175.0,1184.0,0.007582139848357203,0.002527379949452401,-416.0,-611.0,-18505.0,-1.963751887922504,-1.985781990521327
159,Canada,12,30.0,0.0,6.0,24.0,24.0,0.0,0.2,-9.0,3.0,-1157.0,-0.937476357741151,-0.9783653846153846
863,San Marino,12,101.0,5.0,4.0,92.0,97.0,0.04950495049504951,0.039603960396039604,5.0,-2.0,71.0,-1.0613656006914434,-1.5555555555555556
830,Portugal,12,448.0,1.0,3.0,444.0,445.0,0.002232142857142857,0.006696428571428571,-4.0,-1.0,347.0,3.887323943661972,-1.8
640,Kuwait,12,104.0,0.0,5.0,99.0,99.0,0.0,0.04807692307692308,-1.0,2.0,-344.0,-1.9913544668587897,-0.75
570,Italy,12,2036.0,52.0,149.0,1835.0,1887.0,0.025540275049115914,0.07318271119842829,52.0,144.0,1932.0,-6.616279069767442,-53.0
871,Singapore,12,56.0,0.0,0.0,56.0,56.0,0.0,0.0,-52.0,-149.0,-1980.0,-2.0248447204968945,-2.0
393,Greece,12,331.0,4.0,8.0,319.0,323.0,0.012084592145015106,0.02416918429003021,4.0,8.0,275.0,-1.1388888888888888,-1.0769230769230769
970,Sweden,12,203.0,0.0,0.0,203.0,203.0,0.0,0.0,-4.0,-8.0,-128.0,-1.4654545454545453,-2.0
659,Lebanon,12,61.0,3.0,1.0,57.0,60.0,0.04918032786885246,0.01639344262295082,3.0,1.0,-142.0,0.109375,-1.75
506,Iran,12,1501.0,66.0,291.0,1144.0,1210.0,0.04397068620919387,0.1938707528314457,63.0,290.0,1440.0,-11.140845070422536,20.0
554,Israel,12,58.0,0.0,4.0,54.0,54.0,0.0,0.06896551724137931,-66.0,-287.0,-1443.0,-2.002083333333333,-2.0476190476190474
1058,UK,12,51.0,0.0,8.0,43.0,43.0,0.0,0.1568627450980392,0.0,4.0,-7.0,-0.9951489951489951,-1.0
531,Iraq,12,60.0,6.0,9.0,45.0,51.0,0.1,0.15,6.0,1.0,9.0,-2.2857142857142856,inf
276,Denmark,12,875.0,2.0,1.0,872.0,874.0,0.002285714285714286,0.001142857142857143,-4.0,-8.0,815.0,89.55555555555556,-1.6666666666666665
943,Spain,12,259.0,3.0,2.0,254.0,257.0,0.011583011583011582,0.007722007722007722,1.0,1.0,-616.0,-1.7558282208588958,-1.25
466,Iceland,13,156.0,0.0,1.0,155.0,155.0,0.0,0.00641025641025641,-3.0,-1.0,-103.0,-0.8327922077922079,-4.0
1095,United Arab Emirates,13,58.0,0.0,10.0,48.0,48.0,0.0,0.1724137931034483,0.0,9.0,-98.0,-0.04854368932038833,-1.0
415,Hong Kong,13,21.0,1.0,0.0,20.0,21.0,0.047619047619047616,0.0,1.0,-10.0,-37.0,-0.6224489795918368,inf
842,Romania,13,131.0,0.0,9.0,122.0,122.0,0.0,0.06870229007633588,-1.0,9.0,110.0,-3.972972972972973,-2.0
1021,Thailand,13,99.0,0.0,36.0,63.0,63.0,0.0,0.36363636363636365,0.0,27.0,-32.0,-1.290909090909091,-1.0
330,France,13,18.0,2.0,11.0,5.0,7.0,0.1111111111111111,0.6111111111111112,2.0,9.0,-32.0,-0.34693877551020413,inf
322,Finland,13,225.0,0.0,1.0,224.0,224.0,0.0,0.0044444444444444444,-2.0,-10.0,207.0,-7.46875,-2.0
864,San Marino,13,218.0,14.0,8.0,196.0,210.0,0.06422018348623854,0.03669724770642202,14.0,7.0,-7.0,-1.0338164251207729,-8.0
571,Italy,13,2502.0,79.0,160.0,2263.0,2342.0,0.03157474020783373,0.0639488409272582,65.0,152.0,2284.0,-327.2857142857143,3.6428571428571432
971,Sweden,13,248.0,0.0,1.0,247.0,247.0,0.0,0.004032258064516129,-79.0,-159.0,-2254.0,-1.9868651488616462,-2.2153846153846155
766,Others,13,705.0,6.0,10.0,689.0,695.0,0.00851063829787234,0.014184397163120567,6.0,9.0,457.0,-1.2027506654835847,-1.0759493670886076
191,China,13,23713.0,490.0,844.0,22379.0,22869.0,0.020663770927339432,0.03559229114831527,484.0,834.0,23008.0,49.34573304157549,79.66666666666667
130,Brazil,13,321.0,1.0,2.0,318.0,319.0,0.003115264797507788,0.006230529595015576,-489.0,-842.0,-23392.0,-2.0166898470097356,-2.010330578512397
478,India,13,56.0,0.0,4.0,52.0,52.0,0.0,0.07142857142857142,-1.0,2.0,-265.0,-0.988671340629275,-0.9979550102249489
255,Croatia,13,57.0,0.0,2.0,55.0,55.0,0.0,0.03508771929824561,0.0,-2.0,1.0,-1.0037735849056604,-1.0
730,Netherlands,13,1810.0,20.0,0.0,1790.0,1810.0,0.011049723756906077,0.0,20.0,-2.0,1753.0,1752.0,inf
54,Australia,13,60.0,0.0,0.0,60.0,60.0,0.0,0.0,-20.0,0.0,-1750.0,-1.9982886480319453,-2.0
532,Iraq,13,71.0,7.0,3.0,61.0,68.0,0.09859154929577464,0.04225352112676056,7.0,3.0,11.0,-1.0062857142857142,-1.35
160,Canada,13,9.0,0.0,6.0,3.0,3.0,0.0,0.6666666666666666,-7.0,3.0,-62.0,-6.636363636363637,-2.0
641,Kuwait,13,112.0,0.0,5.0,107.0,107.0,0.0,0.044642857142857144,0.0,-1.0,103.0,-2.661290322580645,-1.0
944,Spain,13,400.0,5.0,2.0,393.0,398.0,0.0125,0.005,5.0,-3.0,288.0,1.796116504854369,inf
989,Switzerland,13,2443.0,19.0,12.0,2412.0,2431.0,0.007777322963569382,0.004911993450675399,14.0,10.0,2043.0,6.09375,1.7999999999999998
300,Egypt,13,150.0,2.0,27.0,121.0,123.0,0.013333333333333334,0.18,-17.0,15.0,-2293.0,-2.122369065100343,-2.2142857142857144
507,Iran,13,2336.0,77.0,291.0,1968.0,2045.0,0.03296232876712329,0.12457191780821918,75.0,264.0,2186.0,-1.9533362407326647,-5.411764705882353
994,Taiwan,13,90.0,0.0,5.0,85.0,85.0,0.0,0.05555555555555555,-77.0,-286.0,-2246.0,-2.027447392497713,-2.0266666666666664
676,Macau,13,10.0,0.0,2.0,8.0,8.0,0.0,0.2,0.0,-3.0,-80.0,-0.9643811219946572,-1.0
660,Lebanon,13,93.0,3.0,1.0,89.0,92.0,0.03225806451612903,0.010752688172043012,3.0,-1.0,83.0,-2.0375,inf
394,Greece,13,331.0,4.0,8.0,319.0,323.0,0.012084592145015106,0.02416918429003021,1.0,7.0,238.0,1.8674698795180724,-0.6666666666666667
683,Malaysia,13,36.0,0.0,6.0,30.0,30.0,0.0,0.16666666666666666,-4.0,-2.0,-295.0,-2.2394957983193278,-5.0
810,Philippines,13,52.0,2.0,2.0,48.0,50.0,0.038461538461538464,0.038461538461538464,2.0,-4.0,16.0,-1.0542372881355933,-1.5
362,Germany,13,17.0,0.0,14.0,3.0,3.0,0.0,0.8235294117647058,-2.0,12.0,-35.0,-3.1875,-2.0
277,Denmark,13,932.0,3.0,1.0,928.0,931.0,0.003218884120171674,0.001072961373390558,3.0,-13.0,915.0,-27.142857142857142,-2.5
117,Belgium,13,689.0,4.0,1.0,684.0,688.0,0.005805515239477504,0.001451378809869376,1.0,0.0,-243.0,-1.2655737704918033,-0.6666666666666667
972,Sweden,14,355.0,0.0,1.0,354.0,354.0,0.0,0.0028169014084507044,-4.0,0.0,-334.0,0.3744855967078189,-5.0
767,Others,14,1410.0,12.0,20.0,1378.0,1390.0,0.00851063829787234,0.014184397163120567,12.0,19.0,1055.0,-4.158682634730539,-4.0
945,Spain,14,500.0,10.0,30.0,460.0,470.0,0.02,0.06,-2.0,10.0,-910.0,-1.8625592417061612,-1.1666666666666667
642,Kuwait,14,123.0,0.0,9.0,114.0,114.0,0.0,0.07317073170731707,-10.0,-21.0,-377.0,-0.5857142857142856,4.0
80,Austria,14,750.0,1.0,10.0,739.0,740.0,0.0013333333333333333,0.013333333333333334,1.0,1.0,627.0,-2.663129973474801,-1.1
1110,Vietnam,14,30.0,0.0,12.0,18.0,18.0,0.0,0.4,-1.0,2.0,-720.0,-2.1483253588516744,-2.0
479,India,14,144.0,3.0,8.0,133.0,136.0,0.020833333333333332,0.05555555555555555,3.0,-4.0,114.0,-1.1583333333333332,-4.0
1064,US,14,2.0,0.0,0.0,2.0,2.0,0.0,0.0,-3.0,-8.0,-142.0,-2.245614035087719,-2.0
533,Iraq,14,172.0,16.0,39.0,117.0,133.0,0.09302325581395349,0.22674418604651161,16.0,39.0,170.0,-2.197183098591549,-6.333333333333333
331,France,14,38.0,2.0,11.0,25.0,27.0,0.05263157894736842,0.2894736842105263,-14.0,-28.0,-134.0,-1.788235294117647,-1.875
1096,United Arab Emirates,14,135.0,0.0,21.0,114.0,114.0,0.0,0.15555555555555556,-2.0,10.0,97.0,-1.7238805970149254,-0.8571428571428572
811,Philippines,14,111.0,8.0,2.0,101.0,109.0,0.07207207207207207,0.018018018018018018,8.0,-19.0,-24.0,-1.2474226804123711,-5.0
508,Iran,14,2922.0,92.0,552.0,2278.0,2370.0,0.03148528405201916,0.188911704312115,84.0,550.0,2811.0,-118.125,9.5
555,Israel,14,131.0,0.0,4.0,127.0,127.0,0.0,0.030534351145038167,-92.0,-548.0,-2791.0,-1.992885094272501,-2.0952380952380953
661,Lebanon,14,110.0,3.0,1.0,106.0,109.0,0.02727272727272727,0.00909090909090909,3.0,-3.0,-21.0,-0.9924758151200287,-1.0326086956521738
100,Bahrain,14,424.0,0.0,104.0,320.0,320.0,0.0,0.24528301886792453,-3.0,103.0,314.0,-15.952380952380953,-2.0
467,Iceland,14,171.0,5.0,8.0,158.0,163.0,0.029239766081871343,0.04678362573099415,5.0,-96.0,-253.0,-1.805732484076433,-2.666666666666667
416,Hong Kong,14,24.0,1.0,0.0,23.0,24.0,0.041666666666666664,0.0,-4.0,-8.0,-147.0,-0.4189723320158103,-1.8
363,Germany,14,27.0,0.0,15.0,12.0,12.0,0.0,0.5555555555555556,-1.0,15.0,3.0,-1.0204081632653061,-0.75
278,Denmark,14,1024.0,4.0,1.0,1019.0,1023.0,0.00390625,0.0009765625,4.0,-14.0,997.0,331.3333333333333,-5.0
55,Australia,14,132.0,0.0,132.0,0.0,0.0,0.0,1.0,-4.0,131.0,-892.0,-1.8946840521564694,-2.0
591,Japan,14,26.0,0.0,1.0,25.0,25.0,0.0,0.038461538461538464,0.0,-131.0,-106.0,-0.8811659192825112,-1.0
301,Egypt,14,196.0,4.0,32.0,160.0,164.0,0.02040816326530612,0.16326530612244897,4.0,31.0,170.0,-2.6037735849056602,inf
323,Finland,14,244.0,0.0,10.0,234.0,234.0,0.0,0.040983606557377046,-4.0,-22.0,48.0,-0.7176470588235294,-2.0
192,China,14,27436.0,562.0,1120.0,25754.0,26316.0,0.02048403557369879,0.040822277299897944,562.0,1110.0,27192.0,565.5,-141.5
990,Switzerland,14,1359.0,13.0,4.0,1342.0,1355.0,0.009565857247976454,0.0029433406916850625,-549.0,-1116.0,-26077.0,-1.9589952927331566,-1.9768683274021353
395,Greece,14,387.0,5.0,8.0,374.0,379.0,0.012919896640826873,0.020671834625323,-8.0,4.0,-972.0,-0.9627257736702841,-0.9854280510018215
572,Italy,14,3089.0,107.0,276.0,2706.0,2813.0,0.03463904176108773,0.08934930398187116,102.0,268.0,2702.0,-3.779835390946502,-13.75
731,Netherlands,14,959.0,12.0,2.0,945.0,957.0,0.01251303441084463,0.0020855057351407717,-95.0,-274.0,-2130.0,-1.7883049592894151,-1.9313725490196079
118,Belgium,14,886.0,4.0,1.0,881.0,885.0,0.004514672686230248,0.001128668171557562,-8.0,-1.0,-73.0,-0.9657276995305164,-0.9157894736842105
324,Finland,15,277.0,0.0,10.0,267.0,267.0,0.0,0.036101083032490974,-4.0,9.0,-609.0,7.342465753424657,-0.5
1111,Vietnam,15,128.0,0.0,56.0,72.0,72.0,0.0,0.4375,0.0,46.0,-149.0,-0.7553366174055829,-1.0
768,Others,15,705.0,6.0,10.0,689.0,695.0,0.00851063829787234,0.014184397163120567,6.0,-46.0,577.0,-4.87248322147651,inf
81,Austria,15,302.0,1.0,4.0,297.0,298.0,0.0033112582781456954,0.013245033112582781,-5.0,-6.0,-403.0,-1.6984402079722702,-1.8333333333333335
973,Sweden,15,1314.0,2.0,2.0,1310.0,1312.0,0.0015220700152207,0.0015220700152207,1.0,-2.0,1012.0,-3.511166253101737,-1.2
812,Philippines,15,140.0,11.0,2.0,127.0,138.0,0.07857142857142857,0.014285714285714285,9.0,0.0,-1174.0,-2.1600790513833994,8.0
193,China,15,30562.0,632.0,1482.0,28448.0,29080.0,0.020679274916563052,0.04849159086447222,621.0,1480.0,30422.0,-26.913117546848383,68.0
946,Spain,15,673.0,17.0,30.0,626.0,643.0,0.02526002971768202,0.04457652303120357,-615.0,-1452.0,-29889.0,-1.9824797843665767,-1.9903381642512077
573,Italy,15,3858.0,148.0,414.0,3296.0,3444.0,0.0383618455158113,0.10730948678071539,131.0,384.0,3185.0,-1.1065609421526315,-1.2130081300813007
332,France,15,57.0,2.0,11.0,44.0,46.0,0.03508771929824561,0.19298245614035087,-146.0,-403.0,-3801.0,-2.1934065934065936,-2.114503816793893
1065,US,15,42.0,0.0,0.0,42.0,42.0,0.0,0.0,-2.0,-11.0,-15.0,-0.9960536700868192,-0.9863013698630136
101,Bahrain,15,214.0,1.0,77.0,136.0,137.0,0.004672897196261682,0.3598130841121495,1.0,77.0,172.0,-12.466666666666667,-1.5
364,Germany,15,46.0,0.0,16.0,30.0,30.0,0.0,0.34782608695652173,-1.0,-61.0,-168.0,-1.9767441860465116,-2.0
662,Lebanon,15,99.0,3.0,1.0,95.0,98.0,0.030303030303030304,0.010101010101010102,3.0,-15.0,53.0,-1.3154761904761905,-4.0
1059,UK,15,163.0,2.0,8.0,153.0,155.0,0.012269938650306749,0.049079754601226995,-1.0,7.0,64.0,0.2075471698113207,-1.3333333333333333
991,Switzerland,15,4400.0,28.0,8.0,4364.0,4392.0,0.006363636363636364,0.0018181818181818182,26.0,0.0,4237.0,65.203125,-27.0
417,Hong Kong,15,25.0,1.0,0.0,24.0,25.0,0.04,0.0,-27.0,-8.0,-4375.0,-2.032570214774605,-2.0384615384615383
732,Netherlands,15,1135.0,20.0,2.0,1113.0,1133.0,0.01762114537444934,0.001762114537444934,19.0,2.0,1110.0,-1.2537142857142858,-1.7037037037037037
119,Belgium,15,1058.0,5.0,1.0,1052.0,1057.0,0.004725897920604915,0.000945179584120983,-15.0,-1.0,-77.0,-1.0693693693693693,-1.7894736842105263
556,Israel,15,193.0,0.0,4.0,189.0,189.0,0.0,0.02072538860103627,-5.0,3.0,-865.0,10.233766233766234,-0.6666666666666667
684,Malaysia,15,66.0,0.0,21.0,45.0,45.0,0.0,0.3181818181818182,0.0,17.0,-127.0,-0.8531791907514451,-1.0
534,Iraq,15,71.0,8.0,15.0,48.0,56.0,0.11267605633802817,0.2112676056338028,8.0,-6.0,5.0,-1.0393700787401574,inf
480,India,15,73.0,1.0,4.0,68.0,69.0,0.0136986301369863,0.0547945205479452,-7.0,-11.0,2.0,-0.6,-1.875
468,Iceland,15,180.0,0.0,0.0,180.0,180.0,0.0,0.0,-1.0,-4.0,107.0,52.5,-0.8571428571428572
509,Iran,15,3513.0,107.0,739.0,2667.0,2774.0,0.03045829775120979,0.21036151437517792,107.0,739.0,3333.0,30.149532710280372,-108.0
1022,Thailand,15,140.0,0.0,60.0,80.0,80.0,0.0,0.42857142857142855,-107.0,-679.0,-3373.0,-2.012001200120012,-2.0
469,Iceland,16,220.0,1.0,0.0,219.0,220.0,0.004545454545454545,0.0,1.0,-60.0,80.0,-1.0237177586718056,-1.0093457943925233
102,Bahrain,16,228.0,1.0,81.0,146.0,147.0,0.0043859649122807015,0.35526315789473684,0.0,81.0,8.0,-0.9,-1.0
663,Lebanon,16,120.0,3.0,3.0,114.0,117.0,0.025,0.025,2.0,-78.0,-108.0,-14.5,inf
813,Philippines,16,142.0,12.0,2.0,128.0,140.0,0.08450704225352113,0.014084507042253521,9.0,-1.0,22.0,-1.2037037037037037,3.5
1060,UK,16,206.0,2.0,18.0,186.0,188.0,0.009708737864077669,0.08737864077669903,-10.0,16.0,64.0,1.9090909090909092,-2.111111111111111
510,Iran,16,4747.0,124.0,913.0,3710.0,3834.0,0.02612176111228144,0.19233199915736254,122.0,895.0,4541.0,69.953125,-13.2
947,Spain,16,1073.0,28.0,32.0,1013.0,1041.0,0.0260950605778192,0.02982292637465051,-96.0,-881.0,-3674.0,-1.809072891433605,-1.7868852459016393
992,Switzerland,16,2700.0,27.0,4.0,2669.0,2696.0,0.01,0.0014814814814814814,-1.0,-28.0,1627.0,-1.4428415895481763,-0.9895833333333334
995,Taiwan,16,20.0,1.0,2.0,17.0,18.0,0.05,0.1,-26.0,-2.0,-2680.0,-2.6472034419176396,25.0
974,Sweden,16,599.0,1.0,1.0,597.0,598.0,0.001669449081803005,0.001669449081803005,0.0,-1.0,579.0,-1.216044776119403,-1.0
1112,Vietnam,16,64.0,0.0,56.0,8.0,8.0,0.0,0.875,-1.0,55.0,-535.0,-1.924006908462867,-inf
418,Hong Kong,16,26.0,1.0,0.0,25.0,26.0,0.038461538461538464,0.0,1.0,-56.0,-38.0,-0.9289719626168225,-2.0
82,Austria,16,655.0,1.0,6.0,648.0,649.0,0.0015267175572519084,0.00916030534351145,0.0,6.0,629.0,-17.55263157894737,-1.0
677,Macau,16,50.0,0.0,30.0,20.0,20.0,0.0,0.6,-1.0,24.0,-605.0,-1.9618441971383147,-inf
1097,United Arab Emirates,16,159.0,0.0,34.0,125.0,125.0,0.0,0.2138364779874214,0.0,4.0,109.0,-1.1801652892561982,-1.0
120,Belgium,16,1243.0,10.0,1.0,1232.0,1242.0,0.008045052292839904,0.0008045052292839903,10.0,-33.0,1084.0,8.944954128440367,inf
574,Italy,16,4636.0,197.0,523.0,3916.0,4113.0,0.042493528904227786,0.1128127696289905,187.0,522.0,3393.0,2.1300738007380073,17.7
194,China,16,34056.0,717.0,1995.0,31344.0,32061.0,0.02105355884425652,0.0585799859055673,520.0,1472.0,29420.0,7.670792808723844,1.7807486631016043
557,Israel,16,251.0,0.0,4.0,247.0,247.0,0.0,0.01593625498007968,-717.0,-1991.0,-33805.0,-2.149048266485384,-2.378846153846154
535,Iraq,16,226.0,20.0,52.0,154.0,174.0,0.08849557522123894,0.23008849557522124,20.0,48.0,-25.0,-0.999260464428339,-1.0278940027894004
592,Japan,16,26.0,0.0,9.0,17.0,17.0,0.0,0.34615384615384615,-20.0,-43.0,-200.0,7.0,-2.0
56,Australia,16,44.0,0.0,8.0,36.0,36.0,0.0,0.18181818181818182,0.0,-1.0,18.0,-1.09,-1.0
769,Others,16,2118.0,18.0,30.0,2070.0,2088.0,0.0084985835694051,0.014164305949008499,18.0,22.0,2074.0,114.22222222222223,inf
333,France,16,100.0,2.0,12.0,86.0,88.0,0.02,0.12,-16.0,-18.0,-2018.0,-1.9729990356798457,-1.8888888888888888
746,Norway,16,1090.0,3.0,1.0,1086.0,1089.0,0.0027522935779816515,0.0009174311926605505,1.0,-11.0,990.0,-1.4905847373637264,-1.0625
733,Netherlands,16,1414.0,24.0,2.0,1388.0,1412.0,0.016973125884016973,0.0014144271570014145,21.0,1.0,324.0,-0.6727272727272727,20.0
481,India,16,102.0,2.0,4.0,96.0,98.0,0.0196078431372549,0.0392156862745098,-22.0,2.0,-1312.0,-5.049382716049383,-2.0476190476190474
365,Germany,16,48.0,0.0,16.0,32.0,32.0,0.0,0.3333333333333333,-2.0,12.0,-54.0,-0.9588414634146342,-0.9090909090909091
325,Finland,16,321.0,0.0,10.0,311.0,311.0,0.0,0.03115264797507788,0.0,-6.0,273.0,-6.055555555555555,-1.0
83,Austria,17,860.0,1.0,6.0,853.0,854.0,0.0011627906976744186,0.0069767441860465115,1.0,-4.0,539.0,0.9743589743589745,inf
558,Israel,17,255.0,0.0,4.0,251.0,251.0,0.0,0.01568627450980392,-1.0,-2.0,-605.0,-2.1224489795918364,-2.0
1098,United Arab Emirates,17,85.0,0.0,17.0,68.0,68.0,0.0,0.2,0.0,13.0,-170.0,-0.71900826446281,-1.0
334,France,17,130.0,2.0,12.0,116.0,118.0,0.015384615384615385,0.09230769230769231,2.0,-5.0,45.0,-1.2647058823529411,inf
948,Spain,17,1695.0,35.0,32.0,1628.0,1663.0,0.02064896755162242,0.01887905604719764,33.0,20.0,1565.0,33.77777777777778,15.5
685,Malaysia,17,110.0,0.0,75.0,35.0,35.0,0.0,0.6818181818181818,-35.0,43.0,-1585.0,-2.0127795527156547,-2.0606060606060606
57,Australia,17,35.0,0.0,0.0,35.0,35.0,0.0,0.0,0.0,-75.0,-75.0,-0.9526813880126183,-1.0
511,Iran,17,5823.0,145.0,1669.0,4009.0,4154.0,0.024901253649321657,0.2866220161428817,145.0,1669.0,5788.0,-78.17333333333333,inf
734,Netherlands,17,1708.0,43.0,2.0,1663.0,1706.0,0.025175644028103045,0.00117096018735363,-102.0,-1667.0,-4115.0,-1.7109536973047685,-1.703448275862069
975,Sweden,17,961.0,2.0,1.0,958.0,960.0,0.002081165452653486,0.001040582726326743,-41.0,-1.0,-747.0,-0.8184690157958687,-0.5980392156862745
996,Taiwan,17,44.0,2.0,4.0,38.0,40.0,0.045454545454545456,0.09090909090909091,0.0,3.0,-917.0,0.22757697456492632,-1.0
1023,Thailand,17,70.0,0.0,42.0,28.0,28.0,0.0,0.6,-2.0,38.0,26.0,-1.0283533260632498,-inf
419,Hong Kong,17,29.0,1.0,0.0,28.0,29.0,0.034482758620689655,0.0,1.0,-42.0,-41.0,-2.5769230769230766,-1.5
747,Norway,17,1221.0,3.0,1.0,1217.0,1220.0,0.002457002457002457,0.000819000819000819,2.0,1.0,1192.0,-30.073170731707318,1.0
1113,Vietnam,17,176.0,0.0,176.0,0.0,0.0,0.0,1.0,-3.0,175.0,-1045.0,-1.8766778523489933,-2.5
575,Italy,17,5883.0,233.0,589.0,5061.0,5294.0,0.039605643379228284,0.10011898691143974,233.0,413.0,5707.0,-6.461244019138756,-78.66666666666667
536,Iraq,17,124.0,10.0,26.0,88.0,98.0,0.08064516129032258,0.20967741935483872,-223.0,-563.0,-5759.0,-2.009111617312073,-1.9570815450643777
678,Macau,17,20.0,0.0,14.0,6.0,6.0,0.0,0.7,-10.0,-12.0,-104.0,-0.981941309255079,-0.9551569506726457
195,China,17,36759.0,804.0,2592.0,33363.0,34167.0,0.021872194564596426,0.07051334367093773,804.0,2578.0,36739.0,-354.25961538461536,-81.4
1061,UK,17,273.0,3.0,18.0,252.0,255.0,0.01098901098901099,0.06593406593406594,-801.0,-2574.0,-36486.0,-1.993113585018645,-1.9962686567164178
770,Others,17,3480.0,30.0,200.0,3250.0,3280.0,0.008620689655172414,0.05747126436781609,27.0,182.0,3207.0,-1.0878967275119225,-1.0337078651685394
1066,US,17,36.0,0.0,0.0,36.0,36.0,0.0,0.0,-30.0,-200.0,-3444.0,-2.0739008419083254,-2.111111111111111
814,Philippines,17,187.0,12.0,5.0,170.0,182.0,0.06417112299465241,0.026737967914438502,12.0,5.0,151.0,-1.0438443670150988,-1.4
482,India,17,113.0,2.0,13.0,98.0,100.0,0.017699115044247787,0.11504424778761062,-10.0,8.0,-74.0,-1.490066225165563,-1.8333333333333335
196,China,18,39890.0,904.0,3240.0,35746.0,36650.0,0.022662321383805466,0.08122336425169216,902.0,3227.0,39777.0,-538.527027027027,-91.2
1024,Thailand,18,37.0,0.0,22.0,15.0,15.0,0.0,0.5945945945945946,-904.0,-3218.0,-39853.0,-2.0019106518842547,-2.0022172949002215
420,Hong Kong,18,38.0,1.0,0.0,37.0,38.0,0.02631578947368421,0.0,1.0,-22.0,1.0,-1.000025092213886,-1.0011061946902655
335,France,18,191.0,3.0,12.0,176.0,179.0,0.015706806282722512,0.06282722513089005,2.0,12.0,153.0,152.0,1.0
58,Australia,18,16.0,0.0,0.0,16.0,16.0,0.0,0.0,-3.0,-12.0,-175.0,-2.1437908496732025,-2.5
593,Japan,18,28.0,1.0,9.0,18.0,19.0,0.03571428571428571,0.32142857142857145,1.0,9.0,12.0,-1.0685714285714285,-1.3333333333333333
576,Italy,18,7375.0,366.0,622.0,6387.0,6753.0,0.0496271186440678,0.08433898305084746,365.0,613.0,7347.0,611.25,364.0
872,Singapore,18,50.0,0.0,15.0,35.0,35.0,0.0,0.3,-366.0,-607.0,-7325.0,-1.9970055805090512,-2.0027397260273974
537,Iraq,18,154.0,11.0,32.0,111.0,122.0,0.07142857142857142,0.2077922077922078,11.0,17.0,104.0,-1.0141979522184301,-1.030054644808743
559,Israel,18,337.0,0.0,11.0,326.0,326.0,0.0,0.032640949554896145,-11.0,-21.0,183.0,0.7596153846153846,-2.0
84,Austria,18,1018.0,3.0,6.0,1009.0,1012.0,0.0029469548133595285,0.005893909626719057,3.0,-5.0,681.0,2.721311475409836,-1.2727272727272727
976,Sweden,18,1022.0,3.0,1.0,1018.0,1021.0,0.0029354207436399216,0.0009784735812133072,0.0,-5.0,4.0,-0.9941262848751835,-1.0
1067,US,18,36.0,0.0,0.0,36.0,36.0,0.0,0.0,-3.0,-1.0,-986.0,-247.5,-inf
366,Germany,18,130.0,0.0,16.0,114.0,114.0,0.0,0.12307692307692308,0.0,16.0,94.0,-1.0953346855983772,-1.0
748,Norway,18,1333.0,3.0,1.0,1329.0,1332.0,0.002250562640660165,0.0007501875468867217,3.0,-15.0,1203.0,11.797872340425531,inf
997,Taiwan,18,23.0,1.0,2.0,20.0,21.0,0.043478260869565216,0.08695652173913043,-2.0,1.0,-1310.0,-2.088944305901912,-1.6666666666666665
1114,Vietnam,18,18.0,0.0,16.0,2.0,2.0,0.0,0.8888888888888888,-1.0,14.0,-5.0,-0.9961832061068703,-0.5
512,Iran,18,6566.0,194.0,2134.0,4238.0,4432.0,0.02954614681693573,0.32500761498629305,194.0,2118.0,6548.0,-1310.6,-195.0
1062,UK,18,321.0,4.0,18.0,299.0,303.0,0.012461059190031152,0.056074766355140186,-190.0,-2116.0,-6245.0,-1.9537263286499695,-1.9793814432989691
483,India,18,119.0,2.0,13.0,104.0,106.0,0.01680672268907563,0.1092436974789916,-2.0,-5.0,-202.0,-0.9676541232986389,-0.9894736842105263
686,Malaysia,18,66.0,0.0,54.0,12.0,12.0,0.0,0.8181818181818182,-2.0,41.0,-53.0,-0.7376237623762376,0.0
949,Spain,18,7509.0,187.0,376.0,6946.0,7133.0,0.024903449194300174,0.050073245438806764,187.0,322.0,7443.0,-141.43396226415095,-94.5
484,India,19,142.0,3.0,14.0,125.0,128.0,0.02112676056338028,0.09859154929577464,-184.0,-362.0,-7367.0,-1.9897890635496438,-1.9839572192513368
197,China,19,42226.0,1011.0,3894.0,37321.0,38332.0,0.02394259460995595,0.09221806469947426,1008.0,3880.0,42084.0,-6.712501696755803,-6.478260869565218
679,Macau,19,30.0,0.0,27.0,3.0,3.0,0.0,0.9,-1011.0,-3867.0,-42196.0,-2.0026613439787093,-2.0029761904761907
1063,UK,19,382.0,6.0,18.0,358.0,364.0,0.015706806282722512,0.04712041884816754,6.0,-9.0,352.0,-1.008342022940563,-1.0059347181008902
336,France,19,204.0,4.0,12.0,188.0,192.0,0.0196078431372549,0.058823529411764705,-2.0,-6.0,-178.0,-1.5056818181818183,-1.3333333333333333
577,Italy,19,9172.0,463.0,724.0,7985.0,8448.0,0.050479720889664195,0.07893589184474488,459.0,712.0,8968.0,-51.38202247191011,-230.5
1025,Thailand,19,80.0,0.0,44.0,36.0,36.0,0.0,0.55,-463.0,-680.0,-9092.0,-2.0138269402319358,-2.0087145969498907
1115,Vietnam,19,60.0,0.0,32.0,28.0,28.0,0.0,0.5333333333333333,0.0,-12.0,-20.0,-0.9978002639683238,-1.0
977,Sweden,19,1103.0,6.0,1.0,1096.0,1102.0,0.005439709882139619,0.0009066183136899365,6.0,-31.0,1043.0,-53.15,inf
421,Hong Kong,19,49.0,1.0,0.0,48.0,49.0,0.02040816326530612,0.0,-5.0,-1.0,-1054.0,-2.0105465004793865,-1.8333333333333335
1068,US,19,47.0,0.0,11.0,36.0,36.0,0.0,0.23404255319148937,-1.0,11.0,-2.0,-0.9981024667931688,-0.8
749,Norway,19,1463.0,3.0,1.0,1459.0,1462.0,0.002050580997949419,0.000683526999316473,3.0,-10.0,1416.0,-709.0,-4.0
998,Taiwan,19,24.0,1.0,2.0,21.0,22.0,0.041666666666666664,0.08333333333333333,-2.0,1.0,-1439.0,-2.0162429378531073,-1.6666666666666665
59,Australia,19,55.0,0.0,19.0,36.0,36.0,0.0,0.34545454545454546,-1.0,17.0,31.0,-1.0215427380125086,-0.5
950,Spain,19,2277.0,55.0,183.0,2039.0,2094.0,0.024154589371980676,0.08036890645586298,55.0,164.0,2222.0,70.6774193548387,-56.0
594,Japan,19,29.0,1.0,9.0,19.0,20.0,0.034482758620689655,0.3103448275862069,-54.0,-174.0,-2248.0,-2.0117011701170116,-1.981818181818182
513,Iran,19,7161.0,237.0,2394.0,4530.0,4767.0,0.03309593632174277,0.3343108504398827,236.0,2385.0,7132.0,-4.172597864768683,-5.37037037037037
85,Austria,19,1332.0,3.0,1.0,1328.0,1331.0,0.0022522522522522522,0.0007507507507507507,-234.0,-2393.0,-5829.0,-1.8173022994952328,-1.9915254237288136
1026,Thailand,20,41.0,0.0,28.0,13.0,13.0,0.0,0.6829268292682927,-3.0,27.0,-1291.0,-0.7785211871676102,-0.9871794871794872
198,China,20,44268.0,1111.0,4630.0,38527.0,39638.0,0.025097135628444928,0.10459022318604862,1111.0,4602.0,44227.0,-35.2579395817196,-371.3333333333333
951,Spain,20,6391.0,195.0,517.0,5679.0,5874.0,0.030511657017681115,0.08089500860585198,-916.0,-4113.0,-37877.0,-1.8564225473127274,-1.8244824482448245
1099,United Arab Emirates,20,196.0,0.0,46.0,150.0,150.0,0.0,0.23469387755102042,-195.0,-471.0,-6195.0,-0.836444280170024,-0.787117903930131
514,Iran,20,8042.0,291.0,2731.0,5020.0,5311.0,0.03618502859985078,0.33959214125839343,291.0,2685.0,7846.0,-2.266505246166263,-2.4923076923076923
337,France,20,285.0,4.0,12.0,269.0,273.0,0.014035087719298246,0.042105263157894736,-287.0,-2719.0,-7757.0,-1.9886566403262809,-1.986254295532646
578,Italy,20,10149.0,631.0,724.0,8794.0,9425.0,0.062173613163858506,0.07133707754458567,627.0,712.0,9864.0,-2.2716256284646126,-3.1846689895470384
595,Japan,20,43.0,1.0,12.0,30.0,31.0,0.023255813953488372,0.27906976744186046,-630.0,-712.0,-10106.0,-2.0245336577453363,-2.0047846889952154
422,Hong Kong,20,50.0,1.0,1.0,48.0,49.0,0.02,0.02,0.0,-11.0,7.0,-1.0006926578270334,-1.0
999,Taiwan,20,52.0,2.0,4.0,46.0,48.0,0.038461538461538464,0.07692307692307693,1.0,3.0,2.0,-0.7142857142857143,inf
1069,US,20,84.0,0.0,0.0,84.0,84.0,0.0,0.0,-2.0,-4.0,32.0,15.0,-3.0
978,Sweden,20,1190.0,7.0,1.0,1182.0,1189.0,0.0058823529411764705,0.0008403361344537816,7.0,1.0,1106.0,33.5625,-4.5
60,Australia,20,20.0,4.0,8.0,8.0,12.0,0.2,0.4,-3.0,7.0,-1170.0,-2.057866184448463,-1.4285714285714286
873,Singapore,20,67.0,0.0,17.0,50.0,50.0,0.0,0.2537313432835821,-4.0,9.0,47.0,-1.0401709401709403,0.33333333333333326
367,Germany,20,196.0,0.0,16.0,180.0,180.0,0.0,0.08163265306122448,0.0,-1.0,129.0,1.7446808510638299,-1.0
952,Spain,21,7798.0,289.0,517.0,6992.0,7281.0,0.037060784816619646,0.06629905103872788,289.0,508.0,7769.0,-47.52095808383233,inf
1000,Taiwan,21,28.0,1.0,2.0,25.0,26.0,0.03571428571428571,0.07142857142857142,-288.0,-515.0,-7770.0,-2.0001287166945554,-1.9965397923875432
579,Italy,21,42584.0,2920.0,3529.0,36135.0,39055.0,0.06857035506293443,0.08287150103325193,2919.0,3527.0,42556.0,-6.476962676962677,-11.135416666666666
1116,Vietnam,21,39.0,0.0,16.0,23.0,23.0,0.0,0.41025641025641024,-2920.0,-3513.0,-42545.0,-1.999741517059874,-2.000342583076396
338,France,21,377.0,6.0,12.0,359.0,365.0,0.015915119363395226,0.03183023872679045,6.0,-4.0,338.0,-1.0079445293218945,-1.002054794520548
596,Japan,21,59.0,1.0,12.0,46.0,47.0,0.01694915254237288,0.2033898305084746,-5.0,0.0,-318.0,-1.940828402366864,-1.8333333333333335
515,Iran,21,20364.0,868.0,5918.0,13578.0,14446.0,0.042624238852877624,0.2906108819485366,867.0,5906.0,20305.0,-64.85220125786164,-174.4
199,China,21,44726.0,1116.0,5106.0,38504.0,39620.0,0.02495192952644994,0.11416178509144569,248.0,-812.0,24362.0,0.19980300418616115,-0.7139561707035755
423,Hong Kong,21,53.0,1.0,1.0,51.0,52.0,0.018867924528301886,0.018867924528301886,-1115.0,-5105.0,-44673.0,-2.833716443641737,-5.495967741935484
368,Germany,21,262.0,0.0,16.0,246.0,246.0,0.0,0.061068702290076333,-1.0,15.0,209.0,-1.0046784411165581,-0.9991031390134529
874,Singapore,21,72.0,0.0,18.0,54.0,54.0,0.0,0.25,0.0,2.0,-190.0,-1.9090909090909092,-1.0
597,Japan,22,66.0,1.0,12.0,53.0,54.0,0.015151515151515152,0.18181818181818182,1.0,-6.0,-6.0,-0.968421052631579,inf
908,South Korea,22,30.0,0.0,10.0,20.0,20.0,0.0,0.3333333333333333,-1.0,-2.0,-36.0,5.0,-2.0
1117,Vietnam,22,53.0,0.0,16.0,37.0,37.0,0.0,0.3018867924528302,0.0,6.0,23.0,-1.6388888888888888,-1.0
516,Iran,22,10075.0,429.0,2959.0,6687.0,7116.0,0.04258064516129032,0.29369727047146404,429.0,2943.0,10022.0,434.7391304347826,inf
953,Spain,22,9942.0,342.0,530.0,9070.0,9412.0,0.0343995171997586,0.053309193321263326,-87.0,-2429.0,-133.0,-1.0132708042306924,-1.2027972027972027
875,Singapore,22,75.0,0.0,18.0,57.0,57.0,0.0,0.24,-342.0,-512.0,-9867.0,73.18796992481202,2.9310344827586206
424,Hong Kong,22,112.0,2.0,2.0,108.0,110.0,0.017857142857142856,0.017857142857142856,2.0,-16.0,37.0,-1.0037498733150907,-1.0058479532163742
339,France,22,653.0,9.0,12.0,632.0,641.0,0.013782542113323124,0.018376722817764167,7.0,10.0,541.0,13.621621621621621,2.5
580,Italy,22,45904.0,3250.0,4301.0,38353.0,41603.0,0.0707999302892994,0.09369553851516207,3241.0,4289.0,45251.0,82.64325323475046,462.0
369,Germany,22,482.0,0.0,16.0,466.0,466.0,0.0,0.03319502074688797,-3250.0,-4285.0,-45422.0,-2.0037789220127733,-2.0027769207034867
1027,Thailand,22,42.0,1.0,28.0,13.0,14.0,0.023809523809523808,0.6666666666666666,1.0,12.0,-440.0,-0.9903130641539342,-1.0003076923076923
200,China,22,59939.0,1370.0,6262.0,52307.0,53677.0,0.022856570847027812,0.10447288076210814,1369.0,6234.0,59897.0,-137.12954545454545,1368.0
1001,Taiwan,22,30.0,1.0,5.0,24.0,25.0,0.03333333333333333,0.16666666666666666,-1369.0,-6257.0,-59909.0,-2.0002003439237357,-2.0
1002,Taiwan,23,31.0,1.0,5.0,25.0,26.0,0.03225806451612903,0.16129032258064516,0.0,0.0,1.0,-1.0000166919828406,-1.0
954,Spain,23,11748.0,533.0,1028.0,10187.0,10720.0,0.04536942458290773,0.08750425604358189,532.0,1023.0,11717.0,11716.0,inf
1070,US,23,15.0,1.0,3.0,11.0,12.0,0.06666666666666667,0.2,-532.0,-1025.0,-11733.0,-2.0013655372535633,-2.0
1118,Vietnam,23,56.0,0.0,16.0,40.0,40.0,0.0,0.2857142857142857,-1.0,13.0,41.0,-1.0034944174550413,-0.9981203007518797
876,Singapore,23,77.0,0.0,24.0,53.0,53.0,0.0,0.3116883116883117,0.0,8.0,21.0,-0.4878048780487805,-1.0
598,Japan,23,74.0,1.0,13.0,60.0,61.0,0.013513513513513514,0.17567567567567569,1.0,-11.0,-3.0,-1.1428571428571428,inf
909,South Korea,23,62.0,0.0,24.0,38.0,38.0,0.0,0.3870967741935484,-1.0,11.0,-12.0,3.0,-2.0
517,Iran,23,12729.0,611.0,2959.0,9159.0,9770.0,0.048000628486134025,0.23246130882237412,611.0,2935.0,12667.0,-1056.5833333333333,-612.0
425,Hong Kong,23,57.0,1.0,2.0,54.0,55.0,0.017543859649122806,0.03508771929824561,-610.0,-2957.0,-12672.0,-2.0003947264545667,-1.9983633387888706
370,Germany,23,670.0,0.0,17.0,653.0,653.0,0.0,0.025373134328358207,-1.0,15.0,613.0,-1.0483743686868687,-0.9983606557377049
1028,Thailand,23,129.0,3.0,93.0,33.0,36.0,0.023255813953488372,0.7209302325581395,3.0,76.0,-541.0,-1.8825448613376836,-4.0
201,China,23,66183.0,1518.0,7922.0,56743.0,58261.0,0.022936403608177326,0.11969841197890697,1515.0,7829.0,66054.0,-123.09611829944546,504.0
340,France,23,949.0,11.0,12.0,926.0,937.0,0.011591148577449948,0.012644889357218124,-1507.0,-7910.0,-65234.0,-1.9875859145547583,-1.9947194719471946
61,Australia,23,66.0,2.0,16.0,48.0,50.0,0.030303030303030304,0.24242424242424243,-9.0,4.0,-883.0,-0.9864641138056841,-0.9940278699402787
581,Italy,23,27980.0,2158.0,2749.0,23073.0,25231.0,0.0771265189421015,0.09824874910650465,2156.0,2733.0,27914.0,-32.612684031710074,-240.55555555555554
62,Australia,24,71.0,4.0,38.0,29.0,33.0,0.056338028169014086,0.5352112676056338,-2154.0,-2711.0,-27909.0,-1.9998208784122662,-1.9990723562152133
426,Hong Kong,24,60.0,1.0,2.0,57.0,58.0,0.016666666666666666,0.03333333333333333,-3.0,-36.0,-11.0,-0.999605861908345,-0.9986072423398329
1119,Vietnam,24,61.0,0.0,16.0,45.0,45.0,0.0,0.26229508196721313,-1.0,14.0,1.0,-1.0909090909090908,-0.6666666666666667
1071,US,24,15.0,1.0,3.0,11.0,12.0,0.06666666666666667,0.2,1.0,-13.0,-46.0,-47.0,-2.0
582,Italy,24,31506.0,2503.0,2941.0,26062.0,28565.0,0.07944518504411859,0.09334729892718847,2502.0,2938.0,31491.0,-685.5869565217391,2501.0
1003,Taiwan,24,64.0,2.0,10.0,52.0,54.0,0.03125,0.15625,-2501.0,-2931.0,-31442.0,-1.9984439998729795,-1.9996003197442045
518,Iran,24,13938.0,724.0,4590.0,8624.0,9348.0,0.05194432486726933,0.32931554024967713,722.0,4580.0,13874.0,-1.4412569174988867,-1.2886845261895241
599,Japan,24,84.0,1.0,18.0,65.0,66.0,0.011904761904761904,0.21428571428571427,-723.0,-4572.0,-13854.0,-1.9985584546633992,-2.001385041551247
341,France,24,1126.0,19.0,12.0,1095.0,1114.0,0.016873889875666074,0.010657193605683837,18.0,-6.0,1042.0,-1.0752129348924497,-1.0248962655601659
202,China,24,68452.0,1662.0,9352.0,57438.0,59100.0,0.024279787296207563,0.13662128206626542,1643.0,9340.0,67326.0,63.61228406909788,90.27777777777777
371,Germany,24,799.0,0.0,18.0,781.0,781.0,0.0,0.02252816020025031,-1662.0,-9334.0,-67653.0,-2.004856964619909,-2.011564211807669
1072,US,25,442.0,6.0,8.0,428.0,434.0,0.013574660633484163,0.01809954751131222,6.0,-10.0,-357.0,-0.9947230721475766,-1.0036101083032491
1029,Thailand,25,48.0,1.0,31.0,16.0,17.0,0.020833333333333332,0.6458333333333334,-5.0,23.0,-394.0,0.10364145658263313,-1.8333333333333335
1004,Taiwan,25,34.0,1.0,6.0,27.0,28.0,0.029411764705882353,0.17647058823529413,0.0,-25.0,-14.0,-0.9644670050761421,-1.0
1120,Vietnam,25,66.0,0.0,16.0,50.0,50.0,0.0,0.24242424242424243,-1.0,10.0,32.0,-3.2857142857142856,-inf
519,Iran,25,14991.0,853.0,4590.0,9548.0,10401.0,0.056900807150957244,0.30618371022613566,853.0,4574.0,14925.0,465.40625,-854.0
161,Canada,25,62.0,0.0,7.0,55.0,55.0,0.0,0.11290322580645161,-853.0,-4583.0,-14929.0,-2.0002680067001677,-2.0
687,Malaysia,25,93.0,0.0,23.0,70.0,70.0,0.0,0.24731182795698925,0.0,16.0,31.0,-1.002076495411615,-1.0
427,Hong Kong,25,62.0,1.0,2.0,59.0,60.0,0.016129032258064516,0.03225806451612903,1.0,-21.0,-31.0,-2.0,inf
203,China,25,70357.0,1765.0,10701.0,57891.0,59656.0,0.025086345352985488,0.15209574029591938,1764.0,10699.0,70295.0,-2268.5806451612902,1763.0
342,France,25,1209.0,19.0,12.0,1178.0,1197.0,0.015715467328370553,0.009925558312655087,-1746.0,-10689.0,-69148.0,-1.9836830500035565,-1.989795918367347
372,Germany,25,1040.0,0.0,18.0,1022.0,1022.0,0.0,0.01730769230769231,-19.0,6.0,-169.0,-0.997555966911552,-0.9891179839633448
910,South Korea,25,204.0,2.0,16.0,186.0,188.0,0.00980392156862745,0.0784313725490196,2.0,-2.0,-836.0,3.946745562130178,-1.1052631578947367
63,Australia,25,61.0,1.0,14.0,46.0,47.0,0.01639344262295082,0.22950819672131148,-1.0,-2.0,-143.0,-0.8289473684210527,-1.5
600,Japan,25,94.0,1.0,18.0,75.0,76.0,0.010638297872340425,0.19148936170212766,0.0,4.0,33.0,-1.2307692307692308,-1.0
877,Singapore,26,170.0,0.0,74.0,96.0,96.0,0.0,0.43529411764705883,-1.0,56.0,76.0,1.3030303030303032,-inf
428,Hong Kong,26,63.0,2.0,5.0,56.0,58.0,0.031746031746031744,0.07936507936507936,2.0,-69.0,-107.0,-2.4078947368421053,-3.0
373,Germany,26,1176.0,2.0,18.0,1156.0,1158.0,0.0017006802721088435,0.015306122448979591,0.0,13.0,1113.0,-11.401869158878505,-1.0
520,Iran,26,16169.0,988.0,5389.0,9792.0,10780.0,0.06110458284371328,0.3332921021708207,986.0,5377.0,16054.0,-51.484276729559745,inf
1030,Thailand,26,150.0,3.0,93.0,54.0,57.0,0.02,0.62,-985.0,-5296.0,-16019.0,-1.9978198579793198,-1.9989858012170385
64,Australia,26,50.0,1.0,18.0,31.0,32.0,0.02,0.36,-2.0,-75.0,-100.0,-0.9937574130719771,-0.9979695431472081
601,Japan,26,105.0,1.0,22.0,82.0,83.0,0.009523809523809525,0.20952380952380953,0.0,4.0,55.0,-1.55,-1.0
204,China,26,72345.0,1863.0,12441.0,58041.0,59904.0,0.025751606883682356,0.17196765498652292,1862.0,12419.0,72240.0,1312.4545454545455,inf
1005,Taiwan,26,39.0,1.0,9.0,29.0,30.0,0.02564102564102564,0.23076923076923078,-1862.0,-12432.0,-72306.0,-2.0009136212624585,-2.0
343,France,26,1784.0,33.0,12.0,1739.0,1772.0,0.018497757847533634,0.006726457399103139,32.0,3.0,1745.0,-1.0241335435510193,-1.0171858216971
1073,US,26,128.0,7.0,10.0,111.0,118.0,0.0546875,0.078125,-26.0,-2.0,-1656.0,-1.948997134670487,-1.8125
688,Malaysia,27,117.0,0.0,24.0,93.0,93.0,0.0,0.20512820512820512,-7.0,14.0,-11.0,-0.9933574879227053,-0.7307692307692308
878,Singapore,27,178.0,0.0,102.0,76.0,76.0,0.0,0.5730337078651685,0.0,78.0,61.0,-6.545454545454546,-1.0
205,China,27,74138.0,2002.0,14198.0,57938.0,59940.0,0.027003695810515524,0.19150772883001968,2002.0,14096.0,73960.0,1211.4590163934427,inf
374,Germany,27,1457.0,2.0,18.0,1437.0,1439.0,0.0013726835964310226,0.012354152367879203,-2000.0,-14180.0,-72681.0,-1.9827068685776095,-1.999000999000999
1074,US,27,77.0,12.0,1.0,64.0,76.0,0.15584415584415584,0.012987012987012988,10.0,-17.0,-1380.0,-0.9810129194700128,-1.005
429,Hong Kong,27,68.0,2.0,6.0,60.0,62.0,0.029411764705882353,0.08823529411764706,-10.0,5.0,-9.0,-0.9934782608695653,-2.0
602,Japan,27,122.0,1.0,22.0,99.0,100.0,0.00819672131147541,0.18032786885245902,-1.0,16.0,54.0,-7.0,-0.9
912,South Korea,27,602.0,6.0,18.0,578.0,584.0,0.009966777408637873,0.029900332225913623,5.0,-4.0,480.0,7.888888888888889,-6.0
65,Australia,27,74.0,3.0,20.0,51.0,54.0,0.04054054054054054,0.2702702702702703,-3.0,2.0,-528.0,-2.1,-1.6
1031,Thailand,27,53.0,1.0,33.0,19.0,20.0,0.018867924528301886,0.6226415094339622,-2.0,13.0,-21.0,-0.9602272727272727,-0.33333333333333337
344,France,27,8235.0,175.0,36.0,8024.0,8199.0,0.021250758955676987,0.004371584699453552,174.0,3.0,8182.0,-390.6190476190476,-88.0
1006,Taiwan,27,40.0,1.0,9.0,30.0,31.0,0.025,0.225,-174.0,-27.0,-8195.0,-2.0015888535810316,-2.0
1032,Thailand,28,134.0,2.0,69.0,63.0,65.0,0.014925373134328358,0.5149253731343284,1.0,60.0,94.0,-1.011470408785845,-1.0057471264367817
1007,Taiwan,28,41.0,1.0,12.0,28.0,29.0,0.024390243902439025,0.2926829268292683,-1.0,-57.0,-93.0,-1.9893617021276597,-2.0
603,Japan,28,147.0,1.0,22.0,124.0,125.0,0.006802721088435374,0.14965986394557823,0.0,10.0,106.0,-2.139784946236559,-1.0
430,Hong Kong,28,68.0,2.0,5.0,61.0,63.0,0.029411764705882353,0.07352941176470588,1.0,-17.0,-79.0,-1.7452830188679245,inf
163,Canada,28,322.0,2.0,16.0,304.0,306.0,0.006211180124223602,0.049689440993788817,0.0,11.0,254.0,-4.215189873417721,-1.0
66,Australia,28,67.0,4.0,11.0,52.0,56.0,0.05970149253731343,0.16417910447761194,2.0,-5.0,-255.0,-2.0039370078740157,inf
206,China,28,74563.0,2114.0,15967.0,56482.0,58596.0,0.028351863524804528,0.21414106192079183,2110.0,15956.0,74496.0,-293.1411764705882,1054.0
1075,US,28,195.0,11.0,12.0,172.0,183.0,0.05641025641025641,0.06153846153846154,-2103.0,-15955.0,-74368.0,-1.9982817869415808,-1.9966824644549763
345,France,28,4488.0,91.0,12.0,4385.0,4476.0,0.020276292335115863,0.00267379679144385,80.0,0.0,4293.0,-1.0577264414802066,-1.0380408939610082
375,Germany,28,5583.0,10.0,71.0,5502.0,5512.0,0.0017911517105498836,0.012717177144904173,-81.0,59.0,1095.0,-0.7449336128581412,-2.0125
913,South Korea,28,833.0,8.0,18.0,807.0,815.0,0.009603841536614645,0.021608643457382955,-2.0,-53.0,-4750.0,-5.337899543378995,-0.9753086419753086
164,Canada,29,97.0,1.0,8.0,88.0,89.0,0.010309278350515464,0.08247422680412371,-7.0,-10.0,-736.0,-0.8450526315789474,2.5
604,Japan,29,159.0,1.0,22.0,136.0,137.0,0.006289308176100629,0.13836477987421383,0.0,14.0,62.0,-1.0842391304347827,-1.0
207,China,29,74980.0,2236.0,17985.0,54759.0,56995.0,0.029821285676180316,0.23986396372365965,2235.0,17963.0,74821.0,1205.7903225806451,inf
1008,Taiwan,29,84.0,2.0,24.0,58.0,60.0,0.023809523809523808,0.2857142857142857,-2234.0,-17961.0,-74896.0,-2.001002392376472,-1.9995525727069352
1076,US,29,240.0,16.0,3.0,221.0,237.0,0.06666666666666667,0.0125,14.0,-21.0,156.0,-1.0020828882717367,-1.0062667860340198
346,France,29,4515.0,91.0,12.0,4412.0,4503.0,0.020155038759689922,0.0026578073089701,75.0,9.0,4275.0,26.403846153846153,4.357142857142857
914,South Korea,29,977.0,10.0,22.0,945.0,955.0,0.01023541453428864,0.022517911975435005,-81.0,10.0,-3538.0,-1.8276023391812866,-2.08
1033,Thailand,29,70.0,1.0,34.0,35.0,36.0,0.014285714285714285,0.4857142857142857,-9.0,12.0,-907.0,-0.7436404748445449,-0.8888888888888888
431,Hong Kong,29,69.0,2.0,6.0,61.0,63.0,0.028985507246376812,0.08695652173913043,1.0,-28.0,-1.0,-0.9988974641675854,-1.1111111111111112
376,Germany,29,2078.0,3.0,25.0,2050.0,2053.0,0.0014436958614051972,0.01203079884504331,1.0,19.0,2009.0,-2010.0,0.0
67,Australia,29,100.0,3.0,19.0,78.0,81.0,0.03,0.19,0.0,-6.0,-1978.0,-1.98456943753111,-1.0
208,China,30,75957.0,2238.0,19140.0,54579.0,56817.0,0.02946403886409416,0.2519846755401082,2235.0,19121.0,75857.0,-39.35035389282103,inf
1034,Thailand,30,82.0,1.0,35.0,46.0,47.0,0.012195121951219513,0.4268292682926829,-2237.0,-19105.0,-75875.0,-2.0002372885824644,-2.0008948545861296
68,Australia,30,454.0,9.0,65.0,380.0,389.0,0.019823788546255508,0.14317180616740088,8.0,30.0,372.0,-1.0049028006589786,-1.003576218149307
915,South Korea,30,1261.0,12.0,22.0,1227.0,1239.0,0.00951625693893735,0.017446471054718478,3.0,-43.0,807.0,1.1693548387096775,-0.625
347,France,30,6649.0,148.0,12.0,6489.0,6637.0,0.02225898631373139,0.0018047826740863289,136.0,-10.0,5388.0,5.676579925650557,44.333333333333336
1009,Taiwan,30,44.0,1.0,12.0,31.0,32.0,0.022727272727272728,0.2727272727272727,-147.0,0.0,-6605.0,-2.2258723088344468,-2.0808823529411766
432,Hong Kong,30,74.0,2.0,11.0,61.0,63.0,0.02702702702702703,0.14864864864864866,1.0,-1.0,30.0,-1.0045420136260408,-1.0068027210884354
377,Germany,30,4585.0,9.0,46.0,4530.0,4539.0,0.0019629225736095966,0.010032715376226827,7.0,35.0,4511.0,149.36666666666667,6.0
1077,US,30,416.0,16.0,7.0,393.0,409.0,0.038461538461538464,0.016826923076923076,7.0,-39.0,-4169.0,-1.9241853247616936,0.0
605,Japan,30,170.0,1.0,22.0,147.0,148.0,0.0058823529411764705,0.12941176470588237,-15.0,15.0,-246.0,-0.9409930438954186,-3.142857142857143
378,Germany,31,5795.0,11.0,46.0,5738.0,5749.0,0.0018981880931837791,0.007937877480586712,10.0,24.0,5625.0,-23.865853658536587,-1.6666666666666665
433,Hong Kong,31,79.0,2.0,19.0,58.0,60.0,0.02531645569620253,0.24050632911392406,-9.0,-27.0,-5716.0,-2.016177777777778,-1.9
348,France,31,7674.0,148.0,12.0,7514.0,7662.0,0.01928590044305447,0.001563721657544957,146.0,-7.0,7595.0,-2.3287263820853745,-17.22222222222222
165,Canada,31,184.0,1.0,8.0,175.0,176.0,0.005434782608695652,0.043478260869565216,-147.0,-4.0,-7490.0,-1.9861751152073732,-2.006849315068493
1035,Thailand,31,114.0,1.0,35.0,78.0,79.0,0.008771929824561403,0.30701754385964913,0.0,27.0,-70.0,-0.9906542056074766,-1.0
1078,US,31,665.0,40.0,10.0,615.0,655.0,0.06015037593984962,0.015037593984962405,39.0,-25.0,551.0,-8.87142857142857,inf
606,Japan,31,189.0,2.0,22.0,165.0,167.0,0.010582010582010581,0.1164021164021164,-38.0,12.0,-476.0,-1.8638838475499093,-1.9743589743589745
209,China,31,76741.0,2439.0,22544.0,51758.0,54197.0,0.03178222853494221,0.29376734731108534,2437.0,22522.0,76552.0,-161.8235294117647,-65.13157894736842
916,South Korea,31,1766.0,13.0,22.0,1731.0,1744.0,0.007361268403171008,0.01245753114382786,-2426.0,-22522.0,-74975.0,-1.9793996237851395,-1.9954862535904803
1010,Taiwan,31,90.0,2.0,24.0,64.0,66.0,0.022222222222222223,0.26666666666666666,-11.0,2.0,-1676.0,-0.9776458819606535,-0.9954657873042044
69,Australia,31,271.0,4.0,23.0,244.0,248.0,0.014760147601476014,0.08487084870848709,2.0,-1.0,181.0,-1.1079952267303104,-1.1818181818181819
879,Singapore,31,106.0,0.0,72.0,34.0,34.0,0.0,0.6792452830188679,-4.0,49.0,-165.0,-1.9116022099447514,-3.0
379,Germany,32,7272.0,17.0,67.0,7188.0,7205.0,0.0023377337733773377,0.009213421342134213,17.0,-5.0,7166.0,-44.43030303030303,-5.25
880,Singapore,32,108.0,0.0,78.0,30.0,30.0,0.0,0.7222222222222222,-17.0,11.0,-7164.0,-1.9997209042701647,-2.0
434,Hong Kong,32,84.0,2.0,19.0,63.0,65.0,0.023809523809523808,0.2261904761904762,2.0,-59.0,-24.0,-0.9966499162479062,-1.1176470588235294
166,Canada,32,247.0,1.0,8.0,238.0,239.0,0.004048582995951417,0.032388663967611336,-1.0,-11.0,163.0,-7.791666666666667,-1.5
607,Japan,32,214.0,4.0,22.0,188.0,192.0,0.018691588785046728,0.102803738317757,3.0,14.0,-33.0,-1.2024539877300613,-4.0
70,Australia,32,278.0,2.0,23.0,253.0,255.0,0.007194244604316547,0.08273381294964029,-2.0,1.0,64.0,-2.9393939393939394,-1.6666666666666665
917,South Korea,32,2337.0,13.0,22.0,2302.0,2315.0,0.005562687205819427,0.009413778348309799,11.0,-1.0,2059.0,31.171875,-6.5
1079,US,32,203.0,2.0,0.0,201.0,203.0,0.009852216748768473,0.0,-11.0,-22.0,-2134.0,-2.0364254492472074,-2.0
1036,Thailand,32,147.0,1.0,35.0,111.0,112.0,0.006802721088435374,0.23809523809523808,-1.0,35.0,-56.0,-0.9737582005623243,-0.9090909090909091
689,Malaysia,32,566.0,0.0,42.0,524.0,524.0,0.0,0.07420494699646643,-1.0,7.0,419.0,-8.482142857142858,0.0
210,China,32,77065.0,2445.0,23253.0,51367.0,53812.0,0.03172646467267891,0.3017323038993058,2445.0,23211.0,76499.0,181.57517899761336,-2446.0
1011,Taiwan,32,45.0,1.0,13.0,31.0,32.0,0.022222222222222223,0.28888888888888886,-2444.0,-23240.0,-77020.0,-2.0068105465430923,-1.9995910020449896
690,Malaysia,33,673.0,2.0,49.0,622.0,624.0,0.0029717682020802376,0.07280832095096583,1.0,36.0,628.0,-1.008153726304856,-1.0004091653027822
71,Australia,33,414.0,3.0,26.0,385.0,388.0,0.007246376811594203,0.06280193236714976,1.0,-23.0,-259.0,-1.4124203821656052,0.0
1012,Taiwan,33,45.0,1.0,15.0,29.0,30.0,0.022222222222222223,0.3333333333333333,-2.0,-11.0,-369.0,0.42471042471042475,-3.0
881,Singapore,33,220.0,0.0,156.0,64.0,64.0,0.0,0.7090909090909091,-1.0,141.0,175.0,-1.4742547425474255,-0.5
918,South Korea,33,3150.0,16.0,27.0,3107.0,3123.0,0.005079365079365079,0.008571428571428572,16.0,-129.0,2930.0,15.742857142857144,-17.0
1080,US,33,1247.0,28.0,8.0,1211.0,1239.0,0.022453889334402566,0.006415396952686447,12.0,-19.0,-1903.0,-1.6494880546075086,-0.25
211,China,33,77154.0,2595.0,24979.0,49580.0,52175.0,0.033634030640018665,0.3237550872281411,2567.0,24971.0,75907.0,-40.88807146610615,212.91666666666666
380,Germany,33,9257.0,24.0,67.0,9166.0,9190.0,0.0025926326023549746,0.007237766014907637,-2571.0,-24912.0,-67897.0,-1.894476135270792,-2.0015582391897153
435,Hong Kong,33,91.0,2.0,24.0,65.0,67.0,0.02197802197802198,0.26373626373626374,-22.0,-43.0,-9166.0,-0.8650013991781669,-0.9914430182808246
167,Canada,33,523.0,8.0,13.0,502.0,510.0,0.015296367112810707,0.0248565965583174,6.0,-11.0,432.0,-1.0471307004145756,-1.2727272727272727
608,Japan,33,228.0,4.0,22.0,202.0,206.0,0.017543859649122806,0.09649122807017543,-4.0,9.0,-295.0,-1.6828703703703702,-1.6666666666666665
1037,Thailand,33,177.0,1.0,41.0,135.0,136.0,0.005649717514124294,0.23163841807909605,-3.0,19.0,-51.0,-0.8271186440677967,-0.25
436,Hong Kong,34,92.0,2.0,24.0,66.0,68.0,0.021739130434782608,0.2608695652173913,1.0,-17.0,-85.0,0.6666666666666667,-1.3333333333333333
609,Japan,34,241.0,5.0,32.0,204.0,209.0,0.02074688796680498,0.13278008298755187,3.0,8.0,149.0,-2.7529411764705882,2.0
212,China,34,77620.0,2661.0,27625.0,47334.0,49995.0,0.03428240144292708,0.35590054109765523,2656.0,27593.0,77379.0,518.3221476510067,884.3333333333334
1081,US,34,3425.0,84.0,21.0,3320.0,3404.0,0.024525547445255473,0.006131386861313868,-2577.0,-27604.0,-74195.0,-1.9588518848783263,-1.9702560240963856
919,South Korea,34,3736.0,17.0,30.0,3689.0,3706.0,0.004550321199143469,0.008029978586723769,-67.0,9.0,311.0,-1.004191657119752,-0.9740007760962359
168,Canada,34,367.0,1.0,5.0,361.0,362.0,0.0027247956403269754,0.013623978201634877,-16.0,-25.0,-3369.0,-11.832797427652734,-0.7611940298507462
882,Singapore,34,117.0,0.0,78.0,39.0,39.0,0.0,0.6666666666666666,-1.0,73.0,-250.0,-0.9257940041555358,-0.9375
72,Australia,34,413.0,5.0,20.0,388.0,393.0,0.012106537530266344,0.048426150121065374,5.0,-58.0,296.0,-2.184,-6.0
437,Hong Kong,35,94.0,2.0,30.0,62.0,64.0,0.02127659574468085,0.3191489361702128,-3.0,10.0,-319.0,-2.0777027027027026,-1.6
213,China,35,77991.0,2715.0,30011.0,45265.0,47980.0,0.03481170904335116,0.38480081034991215,2713.0,29981.0,77897.0,-245.19122257053291,-905.3333333333334
1082,US,35,1557.0,39.0,11.0,1507.0,1546.0,0.025048169556840076,0.007064868336544637,-2676.0,-30000.0,-76434.0,-1.9812187889135653,-1.986361960928861
920,South Korea,35,4335.0,28.0,30.0,4277.0,4305.0,0.006459054209919262,0.006920415224913495,-11.0,19.0,2778.0,-1.0363450820315567,-0.9958893871449925
610,Japan,35,256.0,6.0,32.0,218.0,224.0,0.0234375,0.125,-22.0,2.0,-4079.0,-2.4683225341972643,1.0
921,South Korea,36,5186.0,28.0,30.0,5128.0,5156.0,0.005399151561897416,0.005784805244890089,22.0,-2.0,4930.0,-2.2086295660701154,-2.0
611,Japan,36,274.0,6.0,32.0,236.0,242.0,0.021897810218978103,0.11678832116788321,-22.0,2.0,-4912.0,-1.9963488843813386,-2.0
214,China,36,79155.0,2752.0,33397.0,43006.0,45758.0,0.0347672288547786,0.42191901964500034,2746.0,33365.0,78881.0,-17.058835504885995,-125.81818181818181
438,Hong Kong,36,95.0,2.0,33.0,60.0,62.0,0.021052631578947368,0.3473684210526316,-2750.0,-33364.0,-79060.0,-2.002269241008608,-2.001456664238893
1083,US,37,3170.0,57.0,14.0,3099.0,3156.0,0.017981072555205046,0.004416403785488959,55.0,-19.0,3075.0,-1.0388945104983556,-1.02
612,Japan,37,293.0,6.0,43.0,244.0,250.0,0.020477815699658702,0.14675767918088736,-51.0,29.0,-2877.0,-1.935609756097561,-1.9272727272727272
439,Hong Kong,37,96.0,2.0,36.0,58.0,60.0,0.020833333333333332,0.375,-4.0,-7.0,-197.0,-0.9315258950295446,-0.9215686274509804
922,South Korea,37,5621.0,35.0,41.0,5545.0,5580.0,0.0062266500622665,0.007294075787226472,33.0,5.0,5525.0,-29.04568527918782,-9.25
215,China,37,78421.0,2784.0,35979.0,39658.0,42442.0,0.03550069496690937,0.45879292536437943,2749.0,35938.0,72800.0,12.176470588235293,82.3030303030303
923,South Korea,38,6088.0,35.0,41.0,6012.0,6047.0,0.005749014454664914,0.006734559789750329,-2749.0,-35938.0,-72333.0,-1.9935851648351648,-2.0
216,China,38,79068.0,2831.0,39135.0,37102.0,39933.0,0.035804623868062935,0.49495371073000455,2796.0,39094.0,72980.0,-2.0089447416808373,-2.017097126227719
440,Hong Kong,38,100.0,2.0,36.0,62.0,64.0,0.02,0.36,-2829.0,-39099.0,-78968.0,-2.082049876678542,-2.0118025751072963
613,Japan,38,331.0,6.0,43.0,282.0,288.0,0.01812688821752266,0.1299093655589124,4.0,7.0,231.0,-1.002925235538446,-1.00141392718275
1084,US,38,2898.0,60.0,10.0,2828.0,2888.0,0.020703933747412008,0.003450655624568668,54.0,-33.0,2567.0,10.112554112554113,12.5
924,South Korea,39,6593.0,42.0,135.0,6416.0,6458.0,0.006370392840891855,0.020476262702866677,-18.0,125.0,3695.0,0.4394234514998052,-1.3333333333333333
1085,US,39,4743.0,85.0,17.0,4641.0,4726.0,0.017921146953405017,0.0035842293906810036,43.0,-118.0,-1850.0,-1.5006765899864682,-3.388888888888889
441,Hong Kong,39,100.0,2.0,37.0,61.0,63.0,0.02,0.37,-83.0,20.0,-4643.0,1.5097297297297296,-2.9302325581395348
614,Japan,39,360.0,6.0,43.0,311.0,317.0,0.016666666666666666,0.11944444444444445,4.0,6.0,260.0,-1.055998276976093,-1.0481927710843373
217,China,39,79846.0,2872.0,42132.0,34842.0,37714.0,0.035969240788517896,0.5276657565814192,2866.0,42089.0,79486.0,304.7153846153846,715.5
615,Japan,40,420.0,6.0,46.0,368.0,374.0,0.014285714285714285,0.10952380952380952,-2866.0,-42086.0,-79426.0,-1.9992451500893238,-2.0
925,South Korea,40,7041.0,44.0,135.0,6862.0,6906.0,0.0062491123419968755,0.019173412867490414,38.0,89.0,6621.0,-1.0833606123939263,-1.0132588974180041
218,China,40,80745.0,2918.0,45401.0,32426.0,35344.0,0.036138460585794785,0.5622763019382006,2874.0,45266.0,73704.0,10.131853194381513,74.63157894736842
442,Hong Kong,40,105.0,2.0,37.0,66.0,68.0,0.01904761904761905,0.3523809523809524,-2916.0,-45364.0,-80640.0,-2.094106154347118,-2.0146137787056366
1086,US,40,6287.0,108.0,17.0,6162.0,6270.0,0.017178304437728647,0.0027039923651980277,106.0,-20.0,6182.0,-1.0766617063492063,-1.0363511659807956
616,Japan,41,461.0,6.0,76.0,379.0,385.0,0.013015184381778741,0.1648590021691974,-102.0,59.0,-5826.0,-1.9424134584276933,-1.9622641509433962
219,China,41,80566.0,2951.0,47807.0,29808.0,32759.0,0.03662835439267185,0.5933892709083236,2945.0,47731.0,80105.0,-14.749570889117749,-29.872549019607842
926,South Korea,41,7314.0,50.0,118.0,7146.0,7196.0,0.006836204539239814,0.01613344271260596,-2901.0,-47689.0,-73252.0,-1.914449784657637,-1.9850594227504246
443,Hong Kong,41,105.0,2.0,43.0,60.0,62.0,0.01904761904761905,0.4095238095238095,-48.0,-75.0,-7209.0,-0.9015863048107902,-0.983453981385729
883,Singapore,41,226.0,0.0,105.0,121.0,121.0,0.0,0.4646017699115044,-2.0,62.0,121.0,-1.0167845748370092,-0.9583333333333334
220,China,42,80031.0,2981.0,49665.0,27385.0,30366.0,0.037248066374279964,0.6205720283390186,2981.0,49560.0,79805.0,658.5454545454545,-1491.5
444,Hong Kong,42,107.0,2.0,46.0,59.0,61.0,0.018691588785046728,0.42990654205607476,-2979.0,-49619.0,-79924.0,-2.0014911346406867,-1.999329084199933
884,Singapore,42,243.0,0.0,109.0,134.0,134.0,0.0,0.448559670781893,-2.0,63.0,136.0,-1.0017016165357089,-0.9993286337697214
927,South Korea,42,7478.0,53.0,118.0,7307.0,7360.0,0.007087456539181599,0.015779620219309978,53.0,9.0,7235.0,52.1985294117647,-27.5
617,Japan,42,502.0,6.0,76.0,420.0,426.0,0.01195219123505976,0.15139442231075698,-47.0,-42.0,-6976.0,-1.964201796821009,-1.8867924528301887
445,Hong Kong,43,108.0,2.0,51.0,55.0,57.0,0.018518518518518517,0.4722222222222222,-4.0,-25.0,-394.0,-0.9435206422018348,-0.9148936170212766
221,China,43,80683.0,3022.0,52609.0,25052.0,28074.0,0.03745522600795707,0.6520456601762453,3020.0,52558.0,80575.0,-205.50507614213197,-756.0
618,Japan,43,511.0,17.0,76.0,418.0,435.0,0.033268101761252444,0.1487279843444227,-3005.0,-52533.0,-80172.0,-1.9949984486503258,-1.9950331125827816
928,South Korea,43,7513.0,54.0,247.0,7212.0,7266.0,0.007187541594569413,0.03287634766404898,37.0,171.0,7002.0,-1.0873372249663225,-1.0123128119800333
885,Singapore,43,266.0,0.0,114.0,152.0,152.0,0.0,0.42857142857142855,-54.0,-133.0,-7247.0,-2.034990002856327,-2.4594594594594597
929,South Korea,44,15734.0,126.0,798.0,14810.0,14936.0,0.00800813524850642,0.05071818990720732,126.0,684.0,15468.0,-3.1344004415620255,-3.3333333333333335
619,Japan,44,581.0,10.0,101.0,470.0,480.0,0.01721170395869191,0.1738382099827883,-116.0,-697.0,-15153.0,-1.979635376260667,-1.9206349206349205
446,Hong Kong,44,114.0,3.0,58.0,53.0,56.0,0.02631578947368421,0.5087719298245614,-7.0,-43.0,-467.0,-0.9691810202600145,-0.9396551724137931
222,China,44,82188.0,3046.0,55521.0,23621.0,26667.0,0.0370613714897552,0.6755365746824354,3043.0,55463.0,82074.0,-176.7473233404711,-435.7142857142857
447,Hong Kong,45,115.0,3.0,59.0,53.0,56.0,0.02608695652173913,0.5130434782608696,-3043.0,-55462.0,-82073.0,-1.99998781587348,-2.0
620,Japan,45,1340.0,34.0,236.0,1070.0,1104.0,0.025373134328358207,0.1761194029850746,31.0,177.0,1225.0,-1.0149257368440292,-1.0101873151495235
223,China,45,80461.0,3072.0,55317.0,22072.0,25144.0,0.038179987820186174,0.6875007767738407,3038.0,55081.0,79121.0,63.58857142857143,97.0
930,South Korea,45,7869.0,66.0,333.0,7470.0,7536.0,0.008387342737323675,0.0423179565383149,-3006.0,-54984.0,-72592.0,-1.9174808205154132,-1.989466754443713
931,South Korea,46,8086.0,72.0,510.0,7504.0,7576.0,0.008904279000742024,0.063071976255256,6.0,177.0,217.0,-1.0029893101168172,-1.001996007984032
224,China,46,84987.0,3162.0,61516.0,20309.0,23471.0,0.03720569028204314,0.7238283502182686,3090.0,61006.0,76901.0,353.3824884792627,514.0
621,Japan,46,639.0,16.0,118.0,505.0,521.0,0.025039123630672927,0.18466353677621283,-3146.0,-61398.0,-84348.0,-2.0968387927335144,-2.0181229773462785
932,South Korea,47,8162.0,75.0,510.0,7577.0,7652.0,0.009188924283263906,0.06248468512619456,59.0,392.0,7523.0,-1.089190022288614,-1.0187539732994277
622,Japan,47,1612.0,44.0,236.0,1332.0,1376.0,0.02729528535980149,0.14640198511166252,-31.0,-274.0,-6550.0,-1.8706632992157384,-1.5254237288135593
225,China,47,76995.0,3072.0,55095.0,18828.0,21900.0,0.03989869472043639,0.715565945840639,3028.0,54859.0,75383.0,-12.50885496183206,-98.6774193548387
933,South Korea,48,8236.0,75.0,1137.0,7024.0,7099.0,0.009106362311801846,0.13805245264691599,-2997.0,-53958.0,-68759.0,-1.9121287292890972,-1.989762219286658
226,China,48,77201.0,3088.0,56620.0,17493.0,20581.0,0.03999948187199648,0.7334101889871892,3013.0,55483.0,68965.0,-2.0029959714364667,-2.0053386720053386
623,Japan,48,825.0,27.0,144.0,654.0,681.0,0.03272727272727273,0.17454545454545456,-3061.0,-56476.0,-76376.0,-2.1074603059522947,-2.0159309658148024
934,South Korea,49,8320.0,81.0,1407.0,6832.0,6913.0,0.009735576923076923,0.16911057692307693,54.0,1263.0,7495.0,-1.0981329213365456,-1.0176412936948709
624,Japan,49,878.0,29.0,144.0,705.0,734.0,0.03302961275626424,0.16400911161731208,-52.0,-1263.0,-7442.0,-1.9929286190793862,-1.9629629629629628
227,China,49,92718.0,3275.0,73264.0,16179.0,19454.0,0.03532215966694709,0.790180978882202,3246.0,73120.0,91840.0,-13.340768610588551,-63.42307692307692
228,China,50,85343.0,3172.0,67289.0,14882.0,18054.0,0.03716766460049448,0.7884536517347644,-103.0,-5975.0,-7375.0,-1.080302700348432,-1.0317313616759087
229,China,51,78258.0,3161.0,61556.0,13541.0,16702.0,0.04039203659689744,0.7865777300723249,-11.0,-5733.0,-7085.0,-0.03932203389830513,-0.8932038834951457
230,China,52,84981.0,3253.0,69588.0,12140.0,15393.0,0.03827914475000294,0.8188653934408868,92.0,8032.0,6723.0,-1.948906139731828,-9.363636363636363
231,China,53,77085.0,3159.0,63111.0,10815.0,13974.0,0.04098073555166375,0.8187195952519946,-94.0,-6477.0,-7896.0,-2.1744756804997767,-2.0217391304347827
232,China,54,74547.0,3170.0,61530.0,9847.0,13017.0,0.04252350865896683,0.8253853273773593,11.0,-1581.0,-2538.0,-0.6785714285714286,-1.1170212765957448
233,China,55,73937.0,3166.0,61788.0,8983.0,12149.0,0.042820238851995616,0.8356844340452007,-4.0,258.0,-610.0,-0.7596532702915682,-1.3636363636363638
