Province_State,Country_Region,Last_Update,Lat,Long_,Confirmed,Deaths,Recovered,Active,FIPS,Incident_Rate,People_Tested,People_Hospitalized,Mortality_Rate,UID,ISO3,Testing_Rate,Hospitalization_Rate
Alabama,US,2020-05-30 18:33:27,32.3182,-86.9023,17203,616,9355.0,7232.0,1.0,350.8535778274734,208883.0,1800.0,3.580770795791432,84000001.0,USA,4260.14927032123,10.463291286403534
Alaska,US,2020-05-30 18:33:27,61.3707,-152.4044,429,10,367.0,52.0,2.0,58.64300897415743,49439.0,,2.331002331002331,84000002.0,USA,6758.162519052144,
American Samoa,US,2020-05-30 18:33:27,-14.271,-170.132,0,0,,0.0,60.0,0.0,174.0,,,16.0,ASM,312.7190381193724,
Arizona,US,2020-05-30 18:33:27,33.7298,-111.4312,19255,903,4551.0,13801.0,4.0,264.53837949737573,209813.0,2911.0,4.689690989353415,84000004.0,USA,2882.554713969509,15.118151129576733
Arkansas,US,2020-05-30 18:33:27,34.9697,-92.3731,6777,132,4583.0,2062.0,5.0,224.567268119467,119768.0,667.0,1.9477644975652944,84000005.0,USA,3968.7136739165294,9.842113029364024
California,US,2020-05-30 18:33:27,36.1162,-119.6816,107062,4088,,102974.0,6.0,270.95919153928645,1835478.0,,3.81834824681026,84000006.0,USA,4645.342278008504,
Colorado,US,2020-05-30 18:33:27,39.0598,-105.3111,25598,1436,3838.0,20324.0,8.0,444.50726687245265,168959.0,4254.0,5.609813266661458,84000008.0,USA,2933.959813403497,16.618485819204626
Connecticut,US,2020-05-30 18:33:27,41.5978,-72.7554,41762,3868,7127.0,30767.0,9.0,1171.3503008313216,241393.0,12538.0,9.262008524495954,84000009.0,USA,6770.647075536976,30.02250850055074
Delaware,US,2020-05-30 18:33:27,39.3185,-75.5071,9422,361,5103.0,3958.0,10.0,967.5855751496256,57533.0,,3.831458289110592,84000010.0,USA,5908.310432507261,
Diamond Princess,US,2020-05-30 18:33:27,,,49,0,,49.0,88888.0,,,,0.0,84088888.0,USA,,
District of Columbia,US,2020-05-30 18:33:27,38.8974,-77.0268,8717,462,1089.0,7166.0,11.0,1235.1416721809028,43858.0,,5.299988528163358,84000011.0,USA,6214.390668637149,
Florida,US,2020-05-30 18:33:27,27.7663,-81.6868,55424,2447,,52977.0,12.0,258.05325765931485,983239.0,10243.0,4.415054849884528,84000012.0,USA,4577.9450600405435,18.481163394919168
Georgia,US,2020-05-30 18:33:27,33.0406,-83.6431,46297,2002,,44295.0,13.0,436.04742883466173,450271.0,7852.0,4.324254271335076,84000013.0,USA,4240.868994293624,16.960062207054452
Grand Princess,US,2020-05-30 18:33:27,,,103,3,,100.0,99999.0,,,,2.9126213592233015,84099999.0,USA,,
Guam,US,2020-05-30 18:33:27,13.4443,144.7937,172,5,144.0,23.0,66.0,104.7318074152555,6095.0,,2.9069767441860463,316.0,GUM,3711.281198813852,
Hawaii,US,2020-05-30 18:33:27,21.0943,-157.4983,649,17,604.0,28.0,15.0,45.837476834064105,52824.0,83.0,2.6194144838212634,84000015.0,USA,3730.845726167337,12.788906009244993
Idaho,US,2020-05-30 18:33:27,44.2405,-114.4788,2803,82,2195.0,526.0,16.0,156.84935914474292,44761.0,238.0,2.9254370317516947,84000016.0,USA,2504.721428711323,8.49090260435248
Illinois,US,2020-05-30 18:33:27,40.3495,-88.9861,117455,5270,,112185.0,17.0,926.8991410153284,851762.0,,4.486824741390318,84000017.0,USA,6721.701640198358,
Indiana,US,2020-05-30 18:33:27,39.8494,-86.2583,34217,2124,,32093.0,18.0,508.25738140722984,248713.0,5285.0,6.207440745828098,84000018.0,USA,3694.368825494239,15.445538767279425
Iowa,US,2020-05-30 18:33:27,42.0115,-93.2105,19142,528,10753.0,7861.0,19.0,606.706031878849,147320.0,,2.7583324626475814,84000019.0,USA,4669.310031156203,
Kansas,US,2020-05-30 18:33:27,38.5266,-96.7265,9662,215,547.0,8900.0,20.0,331.6497981336718,94949.0,842.0,2.2252121713930864,84000020.0,USA,3259.140621299317,8.714551852618506
Kentucky,US,2020-05-30 18:33:27,37.6681,-84.6701,9464,418,3181.0,5865.0,21.0,211.83287138517082,221274.0,2180.0,4.416737109044801,84000021.0,USA,4952.7796685209505,23.034657650042266
Louisiana,US,2020-05-30 18:33:27,31.1695,-91.8678,39577,2786,28700.0,8091.0,22.0,851.3390784792787,355027.0,,7.039442100209718,84000022.0,USA,7636.96993241688,
Maine,US,2020-05-30 18:33:27,44.6939,-69.3819,2282,89,1458.0,735.0,23.0,169.7648882765516,45706.0,270.0,3.9000876424189306,84000023.0,USA,3400.207705332194,11.831726555652935
Maryland,US,2020-05-30 18:33:27,39.0639,-76.8021,52015,2509,3571.0,45935.0,24.0,860.366410395522,284518.0,8479.0,4.823608574449677,84000024.0,USA,4706.137274880576,16.301066999903874
Massachusetts,US,2020-05-30 18:33:27,42.2302,-71.5301,95512,6718,,88794.0,25.0,1385.7375179960022,571745.0,9725.0,7.033671161738839,84000025.0,USA,8295.172305329428,10.181966663874695
Michigan,US,2020-05-30 18:33:27,43.3266,-84.5361,56621,5406,33168.0,18047.0,26.0,566.9551491525311,521607.0,,9.547694318362446,84000026.0,USA,5222.934502817053,
Minnesota,US,2020-05-30 18:33:27,45.6945,-93.9002,24190,1037,16930.0,6223.0,27.0,428.928696056764,233873.0,2936.0,4.286895411326995,84000027.0,USA,4146.954978622719,12.137246796196775
Mississippi,US,2020-05-30 18:33:27,32.7416,-89.6787,15231,722,9401.0,5108.0,28.0,511.7687320090493,166308.0,2208.0,4.7403322171886275,84000028.0,USA,5588.026674739739,14.496750049241678
Missouri,US,2020-05-30 18:33:27,38.4561,-92.2884,13153,751,,12402.0,29.0,214.30801306345262,177850.0,,5.709724017334447,84000029.0,USA,2897.7936686181897,
Montana,US,2020-05-30 18:33:27,46.9219,-110.4544,505,17,448.0,40.0,30.0,47.25022408769642,38529.0,67.0,3.366336633663366,84000030.0,USA,3604.9581858908014,13.267326732673268
Nebraska,US,2020-05-30 18:33:27,41.1254,-98.2681,13654,170,,13484.0,31.0,705.8490246111473,94803.0,,1.2450563937307748,84000031.0,USA,4900.87923540432,
Nevada,US,2020-05-30 18:33:27,38.3135,-117.0554,8498,415,428.0,7655.0,32.0,275.8951170005675,134416.0,,4.883502000470699,84000032.0,USA,4363.934813691255,
New Hampshire,US,2020-05-30 18:33:27,43.4525,-71.5639,4492,238,2730.0,1524.0,33.0,330.3643200650726,66862.0,438.0,5.2983081032947466,84000033.0,USA,4917.368470211684,9.750667853962598
New Jersey,US,2020-05-30 18:33:27,40.2989,-74.521,159608,11634,26084.0,121890.0,34.0,1796.944222089372,716411.0,16960.0,7.289108315372663,84000034.0,USA,8065.702264869362,10.626033782767779
New Mexico,US,2020-05-30 18:33:27,34.8405,-106.2485,7493,344,2684.0,4465.0,35.0,357.34912098220695,183544.0,1317.0,4.590951554784466,84000035.0,USA,8753.408122455385,17.576404644334712
New York,US,2020-05-30 18:33:27,42.1657,-74.9481,369660,29710,65289.0,274661.0,36.0,1900.2176516679901,1944130.0,89194.0,8.03711518692853,84000036.0,USA,9993.697297888033,24.128658767516093
North Carolina,US,2020-05-30 18:33:27,35.6301,-79.8064,27798,929,14954.0,11915.0,37.0,265.0436438152097,391231.0,,3.341967047989064,84000037.0,USA,3730.2428165144374,
North Dakota,US,2020-05-30 18:33:27,47.5289,-99.784,2554,60,1882.0,612.0,38.0,335.1433347942818,69453.0,164.0,2.3492560689115107,84000038.0,USA,9113.825384286318,6.421299921691466
Northern Mariana Islands,US,2020-05-30 18:33:27,15.0979,145.6739,22,2,13.0,7.0,69.0,39.895546206296245,5684.0,,9.090909090909092,580.0,MNP,10307.558392572177,
Ohio,US,2020-05-30 18:33:27,40.3888,-82.7649,35034,2150,,32884.0,39.0,299.71511921362634,369890.0,5947.0,6.1368955871439175,84000039.0,USA,3164.401023175437,16.97493863104413
Oklahoma,US,2020-05-30 18:33:27,35.5653,-96.9289,6421,333,5340.0,748.0,40.0,162.27058525321516,187398.0,982.0,5.1861080828531385,84000040.0,USA,4735.895208734156,15.29356798006541
Oregon,US,2020-05-30 18:33:27,44.572,-122.0709,4131,151,1981.0,1999.0,41.0,97.94351805245323,122681.0,771.0,3.655289276204309,84000041.0,USA,2908.6925050092027,18.6637618010167
Pennsylvania,US,2020-05-30 18:33:27,40.5908,-77.2098,75697,5537,46370.0,23790.0,42.0,591.2909314326079,438309.0,,7.314688825184617,84000042.0,USA,3423.7570427532783,
Puerto Rico,US,2020-05-30 18:33:27,18.2208,-66.5901,3718,133,,3585.0,72.0,126.74677371848715,3647.0,,3.5771920387305003,630.0,PRI,124.3263807830346,
Rhode Island,US,2020-05-30 18:33:27,41.6809,-71.5118,14819,711,1206.0,12902.0,44.0,1398.8621442548858,146355.0,1660.0,4.797894594776976,84000044.0,USA,13815.403814186098,11.201835481476483
South Carolina,US,2020-05-30 18:33:27,33.8569,-80.945,11131,483,6459.0,4189.0,45.0,216.1899068388728,188257.0,1634.0,4.339232773335729,84000045.0,USA,3656.388760377834,14.679723295301411
South Dakota,US,2020-05-30 18:33:27,44.2998,-99.4388,4960,62,3744.0,1154.0,46.0,560.668008803392,40682.0,418.0,1.25,84000046.0,USA,4598.608051237821,8.42741935483871
Tennessee,US,2020-05-30 18:33:27,35.7478,-86.6923,22063,361,14965.0,6737.0,47.0,323.0698178139845,421967.0,1710.0,1.6362235416761093,84000047.0,USA,6178.887812786728,7.7505325658342015
Texas,US,2020-05-30 18:33:27,31.0545,-97.5635,61653,1636,40068.0,19949.0,48.0,212.6267520548867,893275.0,,2.6535610594780463,84000048.0,USA,3080.6961857789393,
Utah,US,2020-05-30 18:33:27,40.15,-111.8624,9264,107,5813.0,3344.0,49.0,288.9619888969225,205855.0,753.0,1.1550086355785838,84000049.0,USA,6421.013625256474,8.128238341968911
Vermont,US,2020-05-30 18:33:27,44.0459,-72.7107,977,55,859.0,63.0,50.0,156.57327292628554,31885.0,,5.629477993858751,84000050.0,USA,5109.865718786709,
Virgin Islands,US,2020-05-30 18:33:27,18.3358,-64.8963,69,6,61.0,2.0,78.0,64.32486855352947,1702.0,,8.695652173913043,850.0,VIR,1586.6800909870606,
Virginia,US,2020-05-30 18:33:27,37.7693,-78.17,43611,1370,5648.0,36593.0,51.0,510.935538893417,298377.0,7172.0,3.141409277475866,84000051.0,USA,3495.710102689713,16.44539221755979
Washington,US,2020-05-30 18:33:27,47.4009,-121.4905,21071,1111,,19960.0,53.0,276.70776201320234,343091.0,3413.0,5.272649613212471,84000053.0,USA,4505.526210282927,16.197617578662616
West Virginia,US,2020-05-30 18:33:27,38.4912,-80.9545,1974,75,1241.0,658.0,54.0,110.14721448631168,93377.0,,3.7993920972644375,84000054.0,USA,5210.342678362879,
Wisconsin,US,2020-05-30 18:33:27,44.2685,-89.6165,17707,568,10880.0,6259.0,55.0,304.11680063698446,251295.0,2499.0,3.2077709380471005,84000055.0,USA,4315.978506583328,14.113062630598069
Wyoming,US,2020-05-30 18:33:27,42.756,-107.3025,898,16,634.0,248.0,56.0,155.15957419236676,23269.0,84.0,1.7817371937639201,84000056.0,USA,4020.499033276372,9.35412026726058
Abruzzo,Italy,2020-05-30 18:33:27,42.35122196,13.39843823,3237,404,2063.0,770.0,,246.80156757498588,,,12.480691998764286,38013.0,ITA,,
Acre,Brazil,2020-05-30 18:33:27,-9.0238,-70.812,5841,135,,5706.0,,662.2937064522897,,,2.3112480739599386,7601.0,BRA,,
Aguascalientes,Mexico,2020-05-30 18:33:27,21.8853,-102.2916,797,33,545.0,219.0,,55.554200197262716,,,4.1405269761606025,48401.0,MEX,,
Aichi,Japan,2020-05-30 18:33:27,35.035551,137.211621,507,34,455.0,18.0,,6.713240934244799,,,6.7061143984220895,39201.0,JPN,,
Akita,Japan,2020-05-30 18:33:27,39.748678999999996,140.408228,16,0,16.0,0.0,,1.6554749661144967,,,0.0,39202.0,JPN,,
Alagoas,Brazil,2020-05-30 18:33:27,-9.5713,-36.782,8618,406,,8212.0,,258.2282926279688,,,4.711069853794384,7602.0,BRA,,
Alberta,Canada,2020-05-30 18:33:27,53.9333,-116.5765,6979,143,6220.0,616.0,,158.1411537257095,,,2.0490041553231118,12401.0,CAN,,
Amapa,Brazil,2020-05-30 18:33:27,0.902,-52.003,8469,207,,8262.0,,1001.3822361956695,,,2.4442082890541976,7603.0,BRA,,
Amazonas,Brazil,2020-05-30 18:33:27,-3.4168,-65.8561,38909,2011,,36898.0,,938.7884998227812,,,5.1684700197897655,7604.0,BRA,,
Amazonas,Colombia,2020-05-30 18:33:27,-1.4429,-71.5724,1799,61,141.0,1597.0,,2348.901278251446,,,3.3907726514730405,17001.0,COL,,
Amazonas,Peru,2020-05-30 18:33:27,-5.077253,-78.050172,563,21,,542.0,,131.91190253045923,,,3.7300177619893433,60401.0,PER,,
Ancash,Peru,2020-05-30 18:33:27,-9.407125,-77.67179499999997,3384,252,,3132.0,,286.63391495849567,,,7.446808510638298,60402.0,PER,,
Andalusia,Spain,2020-05-30 18:33:27,37.5443,-4.7278,12668,1404,10671.0,593.0,,150.3191077205854,,,11.08304389011683,72401.0,ESP,,
Anguilla,United Kingdom,2020-05-30 18:33:27,18.2206,-63.0686,3,0,3.0,0.0,,19.99733368884149,,,0.0,660.0,AIA,,
Anhui,China,2020-05-30 18:33:27,31.8257,117.2264,991,6,985.0,0.0,,1.5670461733080334,,,0.6054490413723511,15601.0,CHN,,
Antioquia,Colombia,2020-05-30 18:33:27,7.1986,-75.3412,1024,6,449.0,569.0,,15.982264680662176,,,0.5859375,17002.0,COL,,
Antofagasta,Chile,2020-05-30 18:33:27,-23.6509,-70.3975,2429,29,,2400.0,,399.81301458025393,,,1.1939069575957184,15201.0,CHL,,
Aomori,Japan,2020-05-30 18:33:27,40.781541,140.828896,27,1,25.0,1.0,,2.1662891707204355,,,3.703703703703704,39203.0,JPN,,
Apurimac,Peru,2020-05-30 18:33:27,-14.027713,-72.975378,162,1,,161.0,,37.613187833759,,,0.6172839506172839,60403.0,PER,,
Aragon,Spain,2020-05-30 18:33:27,41.5976,-0.9057,5680,826,3772.0,1082.0,,430.1120866039773,,,14.542253521126758,72402.0,ESP,,
Arauca,Colombia,2020-05-30 18:33:27,7.0762,-70.7105,1,0,,1.0,,0.3814260758122468,,,0.0,17003.0,COL,,
Araucania,Chile,2020-05-30 18:33:27,-38.9489,-72.3311,2060,47,,2013.0,,215.2056362982959,,,2.2815533980582523,15202.0,CHL,,
Arequipa,Peru,2020-05-30 18:33:27,-15.843523999999999,-72.475539,3146,33,,3113.0,,210.0975023373848,,,1.048951048951049,60404.0,PER,,
Arica y Parinacota,Chile,2020-05-30 18:33:27,-18.594,-69.4785,588,7,,581.0,,260.09873135516744,,,1.1904761904761905,15203.0,CHL,,
Aruba,Netherlands,2020-05-30 18:33:27,12.5211,-69.9683,101,3,98.0,0.0,,94.59940430474121,,,2.9702970297029703,533.0,ABW,,
Asturias,Spain,2020-05-30 18:33:27,43.3614,-5.8593,2421,310,1063.0,1048.0,,236.8409467768207,,,12.804626187525814,72403.0,ESP,,
Atacama,Chile,2020-05-30 18:33:27,-23.8634,-69.1328,215,0,,215.0,,75.13069246037294,,,0.0,15204.0,CHL,,
Atlantico,Colombia,2020-05-30 18:33:27,10.6966,-74.8741,3424,87,451.0,2886.0,,135.04149252400993,,,2.5408878504672896,17004.0,COL,,
Australian Capital Territory,Australia,2020-05-30 18:33:27,-35.4735,149.0124,107,3,104.0,0.0,,24.994160242933887,,,2.803738317757009,3601.0,AUS,,
Ayacucho,Peru,2020-05-30 18:33:27,-14.091648000000001,-74.08344,679,6,,673.0,,101.6162825501347,,,0.8836524300441826,60405.0,PER,,
Aysen,Chile,2020-05-30 18:33:27,-45.9864,-73.7669,16,0,,16.0,,15.510188254909945,,,0.0,15205.0,CHL,,
Baden-Wurttemberg,Germany,2020-05-30 18:33:27,48.6616,9.3501,34736,1751,31900.0,1085.0,,313.79824243714705,,,5.040879778903732,27601.0,DEU,,
Bahia,Brazil,2020-05-30 18:33:27,-12.5797,-41.7007,16917,609,,16308.0,,113.74253482671763,,,3.5999290654371343,7605.0,BRA,,
Baja California,Mexico,2020-05-30 18:33:27,30.8406,-115.2838,4886,821,3391.0,674.0,,134.42028706406944,,,16.80311092918543,48402.0,MEX,,
Baja California Sur,Mexico,2020-05-30 18:33:27,26.0444,-111.6661,594,34,474.0,86.0,,73.81559522211785,,,5.723905723905723,48403.0,MEX,,
Baleares,Spain,2020-05-30 18:33:27,39.710358,2.995148,2137,209,1533.0,395.0,,179.84884953964757,,,9.780065512400563,72404.0,ESP,,
Basilicata,Italy,2020-05-30 18:33:27,40.63947052,15.80514834,399,27,341.0,31.0,,70.8868315718222,,,6.7669172932330826,38017.0,ITA,,
Bayern,Germany,2020-05-30 18:33:27,48.7904,11.4979,47115,2466,42820.0,1829.0,,360.29674411498115,,,5.234001910219675,27602.0,DEU,,
Beijing,China,2020-05-30 18:33:27,40.1824,116.4142,593,9,581.0,3.0,,2.7530176415970287,,,1.5177065767284992,15602.0,CHN,,
Berlin,Germany,2020-05-30 18:33:27,52.52,13.405,6799,198,6259.0,342.0,,186.5383971690281,,,2.9121929695543463,27603.0,DEU,,
Bermuda,United Kingdom,2020-05-30 18:33:27,32.3078,-64.7505,140,9,92.0,39.0,,224.8165336502176,,,6.428571428571429,60.0,BMU,,
Biobio,Chile,2020-05-30 18:33:27,-37.4464,-72.1416,1888,11,,1877.0,,121.27401954644287,,,0.5826271186440678,15206.0,CHL,,
Bolivar,Colombia,2020-05-30 18:33:27,8.6704,-74.03,2845,140,432.0,2273.0,,137.432310360319,,,4.92091388400703,17005.0,COL,,
"Bonaire, Sint Eustatius and Saba",Netherlands,2020-05-30 18:33:27,12.1784,-68.2385,6,0,6.0,0.0,,22.88242248579383,,,0.0,535.0,BES,,
Boyaca,Colombia,2020-05-30 18:33:27,5.4545,-73.362,190,10,71.0,109.0,,15.607339063691088,,,5.2631578947368425,17006.0,COL,,
Brandenburg,Germany,2020-05-30 18:33:27,52.4125,12.5316,3279,170,3000.0,109.0,,130.53775264071226,,,5.184507471790179,27604.0,DEU,,
Bremen,Germany,2020-05-30 18:33:27,53.0793,8.8017,1404,42,1200.0,162.0,,205.5679032952359,,,2.9914529914529915,27605.0,DEU,,
British Columbia,Canada,2020-05-30 18:33:27,53.7267,-127.6476,2562,164,2177.0,221.0,,50.127990730430575,,,6.401249024199843,12402.0,CAN,,
British Virgin Islands,United Kingdom,2020-05-30 18:33:27,18.4207,-64.64,8,1,7.0,0.0,,26.457651222012768,,,12.5,92.0,VGB,,
C. Valenciana,Spain,2020-05-30 18:33:27,39.484,-0.7533,11199,1332,9970.0,-103.0,,225.10693031454065,,,11.893919099919634,72411.0,ESP,,
Cajamarca,Peru,2020-05-30 18:33:27,-6.4302839999999994,-78.74559599999998,700,4,,696.0,,48.15298892481255,,,0.5714285714285714,60406.0,PER,,
Calabria,Italy,2020-05-30 18:33:27,38.90597598,16.59440194,1158,97,910.0,151.0,,59.472115640909635,,,8.376511226252159,38018.0,ITA,,
Caldas,Colombia,2020-05-30 18:33:27,5.2983,-75.2479,135,6,87.0,42.0,,13.523598679696072,,,4.4444444444444455,17007.0,COL,,
Callao,Peru,2020-05-30 18:33:27,-11.954609,-77.136042,10781,298,,10483.0,,954.1552349765466,,,2.7641220665986457,60407.0,PER,,
Campania,Italy,2020-05-30 18:33:27,40.83956555,14.25084984,4797,411,3405.0,981.0,,82.68277599017667,,,8.567854909318324,38015.0,ITA,,
Campeche,Mexico,2020-05-30 18:33:27,19.8301,-90.5349,535,81,331.0,123.0,,53.46701085430289,,,15.140186915887849,48404.0,MEX,,
Canarias,Spain,2020-05-30 18:33:27,28.2916,-16.6291,2343,151,1537.0,655.0,,106.16697350719404,,,6.444728979940248,72405.0,ESP,,
Cantabria,Spain,2020-05-30 18:33:27,43.1828,-3.9878,2298,202,2287.0,-191.0,,395.08906696742486,,,8.790252393385552,72406.0,ESP,,
Capital District,Colombia,2020-05-30 18:33:27,4.711,-74.0721,9162,250,2918.0,5994.0,,123.60092308115705,,,2.728661864221785,17008.0,COL,,
Caqueta,Colombia,2020-05-30 18:33:27,0.8699,-73.8419,24,1,7.0,16.0,,5.977747833689093,,,4.166666666666667,17009.0,COL,,
Casanare,Colombia,2020-05-30 18:33:27,5.7589,-71.5724,34,0,23.0,11.0,,8.085535452694861,,,0.0,17010.0,COL,,
Castilla - La Mancha,Spain,2020-05-30 18:33:27,39.2796,-3.0977,17184,2945,6392.0,7847.0,,844.4736463186719,,,17.138035381750463,72407.0,ESP,,
Castilla y Leon,Spain,2020-05-30 18:33:27,41.8357,-4.3976,18804,1923,8716.0,8165.0,,780.9836057403376,,,10.226547543075943,72408.0,ESP,,
Catalonia,Spain,2020-05-30 18:33:27,41.5912,1.5209,59003,5587,26203.0,27213.0,,779.7996175475598,,,9.469010050336424,72409.0,ESP,,
Cauca,Colombia,2020-05-30 18:33:27,2.705,-76.82600000000002,91,4,43.0,44.0,,6.213775735956867,,,4.395604395604397,17011.0,COL,,
Cayman Islands,United Kingdom,2020-05-30 18:33:27,19.3133,-81.2546,141,1,68.0,72.0,,214.54656116859402,,,0.7092198581560284,136.0,CYM,,
Ceara,Brazil,2020-05-30 18:33:27,-5.4984,-39.3206,38395,2859,,35536.0,,420.4409992993928,,,7.446282067977601,7606.0,BRA,,
Cesar,Colombia,2020-05-30 18:33:27,9.3373,-73.6536,163,12,59.0,92.0,,13.576839078640713,,,7.361963190184048,17012.0,COL,,
Ceuta,Spain,2020-05-30 18:33:27,35.8894,-5.3213,145,4,163.0,-22.0,,170.9321104810855,,,2.7586206896551726,72410.0,ESP,,
Channel Islands,United Kingdom,2020-05-30 18:33:27,49.3723,-2.3644,560,45,512.0,3.0,,328.4476741799072,,,8.035714285714286,8261.0,GBR,,
Chiapas,Mexico,2020-05-30 18:33:27,16.7569,-93.1292,1566,125,878.0,563.0,,27.32809259860669,,,7.982120051085569,48405.0,MEX,,
Chiba,Japan,2020-05-30 18:33:27,35.510141,140.198917,907,45,805.0,57.0,,14.490248398324306,,,4.961411245865491,39204.0,JPN,,
Chihuahua,Mexico,2020-05-30 18:33:27,28.63300000000001,-106.0691,1505,305,1035.0,165.0,,39.58977105537912,,,20.265780730897013,48406.0,MEX,,
Choco,Colombia,2020-05-30 18:33:27,5.2528,-76.82600000000002,196,5,18.0,173.0,,36.64743299689992,,,2.5510204081632653,17013.0,COL,,
Chongqing,China,2020-05-30 18:33:27,30.0572,107.874,579,6,573.0,0.0,,1.8665377176015476,,,1.0362694300518134,15603.0,CHN,,
Ciudad de Mexico,Mexico,2020-05-30 18:33:27,19.4326,-99.1332,23623,2536,17060.0,4027.0,,261.9351354887569,,,10.73530034288617,48407.0,MEX,,
Coahuila,Mexico,2020-05-30 18:33:27,27.0587,-101.7068,1015,75,740.0,200.0,,31.53427449420888,,,7.389162561576356,48408.0,MEX,,
Colima,Mexico,2020-05-30 18:33:27,19.1223,-104.0072,136,21,72.0,43.0,,17.32146473362517,,,15.441176470588234,48409.0,MEX,,
Coquimbo,Chile,2020-05-30 18:33:27,-29.959,-71.3389,597,2,,595.0,,78.80293458432442,,,0.33500837520938026,15207.0,CHL,,
Cordoba,Colombia,2020-05-30 18:33:27,8.0493,-75.574,110,6,27.0,77.0,,6.163214239490179,,,5.454545454545454,17014.0,COL,,
Cundinamarca,Colombia,2020-05-30 18:33:27,5.026,-74.03,811,15,247.0,549.0,,27.782916418299042,,,1.8495684340320595,17015.0,COL,,
Curacao,Netherlands,2020-05-30 18:33:27,12.1696,-68.99,19,1,14.0,4.0,,11.578305911029858,,,5.2631578947368425,531.0,CUW,,
Cusco,Peru,2020-05-30 18:33:27,-13.191068,-72.153609,916,3,,913.0,,67.49686832215754,,,0.3275109170305677,60408.0,PER,,
Distrito Federal,Brazil,2020-05-30 18:33:27,-15.7998,-47.8645,8722,154,,8568.0,,289.26118673365016,,,1.7656500802568218,7607.0,BRA,,
Durango,Mexico,2020-05-30 18:33:27,24.5593,-104.6588,322,34,179.0,109.0,,17.22850129160255,,,10.559006211180122,48410.0,MEX,,
Ehime,Japan,2020-05-30 18:33:27,33.624835,132.856842,82,4,54.0,24.0,,6.122989960536582,,,4.878048780487805,39205.0,JPN,,
Emilia-Romagna,Italy,2020-05-30 18:33:27,44.49436681,11.341720800000001,27759,4107,20373.0,3279.0,,622.472097064297,,,14.795201556252026,38008.0,ITA,,
Espirito Santo,Brazil,2020-05-30 18:33:27,-19.1834,-40.3089,12903,560,,12343.0,,321.07797394647463,,,4.3400759513291485,7608.0,BRA,,
Extremadura,Spain,2020-05-30 18:33:27,39.4937,-6.0679,2964,508,2652.0,-196.0,,278.19910195377616,,,17.139001349527664,72412.0,ESP,,
Falkland Islands (Malvinas),United Kingdom,2020-05-30 18:33:27,-51.7963,-59.5236,13,0,13.0,0.0,,373.2414585127763,,,0.0,238.0,FLK,,
Faroe Islands,Denmark,2020-05-30 18:33:27,61.8926,-6.9118,187,0,187.0,0.0,,382.686994781541,,,0.0,234.0,FRO,,
French Guiana,France,2020-05-30 18:33:27,4.0,-53.0,450,1,172.0,277.0,,150.66190798240268,,,0.2222222222222222,254.0,GUF,,
French Polynesia,France,2020-05-30 18:33:27,-17.6797,-149.4068,60,0,60.0,0.0,,21.359610400706288,,,0.0,258.0,PYF,,
Friuli Venezia Giulia,Italy,2020-05-30 18:33:27,45.6494354,13.76813649,3271,333,2633.0,305.0,,269.16936850940573,,,10.180372974625495,38006.0,ITA,,
Fujian,China,2020-05-30 18:33:27,26.0789,117.9874,358,1,355.0,2.0,,0.9083988835320984,,,0.2793296089385475,15604.0,CHN,,
Fukui,Japan,2020-05-30 18:33:27,35.846614,136.22465400000002,122,8,109.0,5.0,,15.886719874156347,,,6.557377049180328,39206.0,JPN,,
Fukuoka,Japan,2020-05-30 18:33:27,33.526032,130.666949,743,26,616.0,101.0,,14.558125618793815,,,3.499327052489906,39207.0,JPN,,
Fukushima,Japan,2020-05-30 18:33:27,37.378867,140.223295,81,0,75.0,6.0,,4.389009270562915,,,0.0,39208.0,JPN,,
Galicia,Spain,2020-05-30 18:33:27,42.5751,-8.1339,9120,609,9204.0,-693.0,,337.7226164170964,,,6.677631578947367,72413.0,ESP,,
Gansu,China,2020-05-30 18:33:27,35.7518,104.2861,139,2,137.0,0.0,,0.5271141448615851,,,1.4388489208633093,15605.0,CHN,,
Gibraltar,United Kingdom,2020-05-30 18:33:27,36.1408,-5.3536,169,0,149.0,20.0,,501.6176426938946,,,0.0,292.0,GIB,,
Gifu,Japan,2020-05-30 18:33:27,35.778671,137.055925,150,7,141.0,2.0,,7.550638356135424,,,4.666666666666667,39209.0,JPN,,
Goias,Brazil,2020-05-30 18:33:27,-15.827,-49.8362,3319,119,,3200.0,,47.29029057240487,,,3.5854172943657727,7609.0,BRA,,
Greenland,Denmark,2020-05-30 18:33:27,71.7069,-42.6043,13,0,11.0,2.0,,22.898611991826957,,,0.0,304.0,GRL,,
Guadeloupe,France,2020-05-30 18:33:27,16.265,-61.551,162,14,138.0,10.0,,40.4871453313573,,,8.641975308641975,312.0,GLP,,
Guainia,Colombia,2020-05-30 18:33:27,2.5854,-68.5247,6,0,,6.0,,12.470382840753212,,,0.0,17016.0,COL,,
Guanajuato,Mexico,2020-05-30 18:33:27,21.019,-101.2574,1384,105,823.0,456.0,,22.221597819585995,,,7.586705202312138,48411.0,MEX,,
Guangdong,China,2020-05-30 18:33:27,23.3417,113.4244,1593,8,1583.0,2.0,,1.4040190375462718,,,0.5021971123666039,15606.0,CHN,,
Guangxi,China,2020-05-30 18:33:27,23.8298,108.7881,254,2,252.0,0.0,,0.5156313438895656,,,0.7874015748031497,15607.0,CHN,,
Guerrero,Mexico,2020-05-30 18:33:27,17.4392,-99.5451,1643,242,1085.0,316.0,,44.92694654267595,,,14.729153986609859,48412.0,MEX,,
Guizhou,China,2020-05-30 18:33:27,26.8154,106.8748,147,2,145.0,0.0,,0.4083333333333333,,,1.3605442176870748,15608.0,CHN,,
Gunma,Japan,2020-05-30 18:33:27,36.504478999999996,138.985605,149,19,118.0,12.0,,7.670701421293455,,,12.751677852348996,39210.0,JPN,,
Hainan,China,2020-05-30 18:33:27,19.1959,109.7453,169,6,163.0,0.0,,1.809421841541756,,,3.5502958579881656,15609.0,CHN,,
Hamburg,Germany,2020-05-30 18:33:27,53.5511,9.9937,5082,246,4700.0,136.0,,276.0187901339305,,,4.840613931523023,27606.0,DEU,,
Hebei,China,2020-05-30 18:33:27,37.8957,114.9042,328,6,322.0,0.0,,0.4340921122286924,,,1.8292682926829267,15610.0,CHN,,
Heilongjiang,China,2020-05-30 18:33:27,47.861999999999995,127.7615,945,13,932.0,0.0,,2.504638218923933,,,1.3756613756613756,15611.0,CHN,,
Henan,China,2020-05-30 18:33:27,33.882,113.61399999999999,1276,22,1254.0,0.0,,1.3284747527329517,,,1.7241379310344829,15612.0,CHN,,
Hessen,Germany,2020-05-30 18:33:27,50.6521,9.1624,10003,476,8900.0,627.0,,159.6441896010555,,,4.758572428271519,27607.0,DEU,,
Hidalgo,Mexico,2020-05-30 18:33:27,20.0911,-98.7624,1599,287,870.0,442.0,,51.8076965695464,,,17.94871794871795,48413.0,MEX,,
Hiroshima,Japan,2020-05-30 18:33:27,34.605309000000005,132.788719,164,3,151.0,10.0,,5.848418270316032,,,1.8292682926829267,39211.0,JPN,,
Hokkaido,Japan,2020-05-30 18:33:27,43.385711,142.55231799999999,1077,86,783.0,208.0,,20.514094249406053,,,7.985143918291549,39212.0,JPN,,
Hong Kong,China,2020-05-30 18:33:27,22.3,114.2,1082,4,1036.0,42.0,,,,,0.3696857670979667,,,,
Huancavelica,Peru,2020-05-30 18:33:27,-13.023888000000001,-75.00277,407,1,,406.0,,111.41527511634271,,,0.2457002457002457,60409.0,PER,,
Huanuco,Peru,2020-05-30 18:33:27,-9.421676,-76.040642,811,10,,801.0,,106.66842036038406,,,1.2330456226880395,60410.0,PER,,
Hubei,China,2020-05-30 18:33:27,30.9756,112.2707,68135,4512,63619.0,4.0,,115.15125908399528,,,6.622147207749322,15613.0,CHN,,
Huila,Colombia,2020-05-30 18:33:27,2.5359,-75.5277,247,13,160.0,74.0,,22.446668714432935,,,5.2631578947368425,17018.0,COL,,
Hunan,China,2020-05-30 18:33:27,27.6104,111.7088,1019,4,1015.0,0.0,,1.4770256558921582,,,0.3925417075564279,15614.0,CHN,,
Hyogo,Japan,2020-05-30 18:33:27,35.039913,134.828057,699,41,626.0,32.0,,12.787700390948725,,,5.865522174535051,39213.0,JPN,,
Ibaraki,Japan,2020-05-30 18:33:27,36.303588,140.319591,168,10,147.0,11.0,,5.873495397522015,,,5.9523809523809526,39214.0,JPN,,
Ica,Peru,2020-05-30 18:33:27,-14.235097,-75.574821,2691,228,,2463.0,,275.9433962264151,,,8.4726867335563,60411.0,PER,,
Inner Mongolia,China,2020-05-30 18:33:27,44.0935,113.9448,232,1,206.0,25.0,,0.9155485398579322,,,0.4310344827586207,15615.0,CHN,,
Ishikawa,Japan,2020-05-30 18:33:27,36.769464,136.771027,298,25,219.0,54.0,,26.19437102304841,,,8.389261744966444,39215.0,JPN,,
Isle of Man,United Kingdom,2020-05-30 18:33:27,54.2361,-4.5481,336,24,309.0,3.0,,395.14535704205474,,,7.142857142857142,833.0,IMN,,
Jalisco,Mexico,2020-05-30 18:33:27,20.6595,-103.3494,1524,136,900.0,488.0,,18.12194571193027,,,8.923884514435695,48414.0,MEX,,
Jiangsu,China,2020-05-30 18:33:27,32.9711,119.455,653,0,653.0,0.0,,0.8110793690224817,,,0.0,15616.0,CHN,,
Jiangxi,China,2020-05-30 18:33:27,27.614,115.7221,937,1,936.0,0.0,,2.01592082616179,,,0.10672358591248668,15617.0,CHN,,
Jilin,China,2020-05-30 18:33:27,43.6661,126.1923,155,2,142.0,11.0,,0.5732248520710059,,,1.2903225806451613,15618.0,CHN,,
Junin,Peru,2020-05-30 18:33:27,-11.541783,-74.876968,1755,17,,1738.0,,128.90194638266618,,,0.9686609686609686,60412.0,PER,,
Kagawa,Japan,2020-05-30 18:33:27,34.217292,133.969047,28,0,28.0,0.0,,2.927807584485548,,,0.0,39217.0,JPN,,
Kagoshima,Japan,2020-05-30 18:33:27,31.009484000000004,130.430665,10,0,10.0,0.0,,0.6241133689452422,,,0.0,39218.0,JPN,,
Kanagawa,Japan,2020-05-30 18:33:27,35.415312,139.338983,1363,86,1061.0,216.0,,14.818007042195337,,,6.3096111518708735,39219.0,JPN,,
Kochi,Japan,2020-05-30 18:33:27,33.422519,133.367307,74,3,70.0,1.0,,10.601278743433296,,,4.0540540540540535,39220.0,JPN,,
Kumamoto,Japan,2020-05-30 18:33:27,32.608154,130.74523100000002,47,3,42.0,2.0,,2.6894533943476846,,,6.382978723404255,39221.0,JPN,,
Kyoto,Japan,2020-05-30 18:33:27,35.253815,135.443341,358,17,323.0,18.0,,13.860083617342449,,,4.748603351955309,39222.0,JPN,,
La Guajira,Colombia,2020-05-30 18:33:27,11.3548,-72.5205,57,4,18.0,35.0,,6.4731534478059425,,,7.0175438596491215,17019.0,COL,,
La Libertad,Peru,2020-05-30 18:33:27,-7.92139,-78.370238,3816,179,,3637.0,,189.21063070210235,,,4.690775681341719,60413.0,PER,,
La Rioja,Spain,2020-05-30 18:33:27,42.2871,-2.5396,4051,360,3107.0,584.0,,1291.8924262766645,,,8.886694643297949,72419.0,ESP,,
Lambayeque,Peru,2020-05-30 18:33:27,-6.3530489999999995,-79.824113,7060,608,,6452.0,,538.6023802258163,,,8.611898016997166,60414.0,PER,,
Lazio,Italy,2020-05-30 18:33:27,41.89277044,12.48366722,7715,728,3932.0,3055.0,,131.2279706253459,,,9.436163318211275,38012.0,ITA,,
Liaoning,China,2020-05-30 18:33:27,41.2956,122.6085,149,2,147.0,0.0,,0.3418215186969488,,,1.342281879194631,15619.0,CHN,,
Liguria,Italy,2020-05-30 18:33:27,44.41149315,8.9326992,9651,1459,7411.0,781.0,,622.3881752050768,,,15.117604393327115,38007.0,ITA,,
Lima,Peru,2020-05-30 18:33:27,-11.766533,-76.60449799999998,92057,1547,,90510.0,,866.1335089617537,,,1.6804805718196334,60415.0,PER,,
Lombardia,Italy,2020-05-30 18:33:27,45.46679409,9.190347404,88758,16079,50870.0,21809.0,,882.2359439928576,,,18.115550147592327,38003.0,ITA,,
Loreto,Peru,2020-05-30 18:33:27,-4.124847,-74.424115,4109,293,,3816.0,,399.8637602179837,,,7.130688732051595,60416.0,PER,,
Los Lagos,Chile,2020-05-30 18:33:27,-41.9198,-72.1416,860,13,,847.0,,103.77599830096969,,,1.5116279069767442,15208.0,CHL,,
Los Rios,Chile,2020-05-30 18:33:27,-40.231,-72.3311,345,6,,339.0,,89.64834462382774,,,1.7391304347826086,15209.0,CHL,,
Macau,China,2020-05-30 18:33:27,22.1667,113.55,45,0,45.0,0.0,,,,,0.0,,,,
Madre de Dios,Peru,2020-05-30 18:33:27,-11.972699,-70.53171999999998,450,6,,444.0,,258.91829689298044,,,1.3333333333333333,60417.0,PER,,
Madrid,Spain,2020-05-30 18:33:27,40.4168,-3.7038,68740,8691,40736.0,19313.0,,1034.983932454124,,,12.643293569973814,72414.0,ESP,,
Magallanes,Chile,2020-05-30 18:33:27,-52.368,-70.9863,1054,19,,1035.0,,632.9075918886948,,,1.802656546489564,15210.0,CHL,,
Magdalena,Colombia,2020-05-30 18:33:27,10.4113,-74.4057,568,38,173.0,357.0,,42.33290056389213,,,6.690140845070423,17020.0,COL,,
Manitoba,Canada,2020-05-30 18:33:27,53.7609,-98.8139,294,7,278.0,9.0,,21.342749309082933,,,2.380952380952381,12403.0,CAN,,
Maranhao,Brazil,2020-05-30 18:33:27,-4.9609,-45.2744,30482,911,,29571.0,,430.82996745948975,,,2.988649038776983,7610.0,BRA,,
Marche,Italy,2020-05-30 18:33:27,43.61675973,13.5188753,6727,987,4393.0,1347.0,,441.0363797646452,,,14.672216441207075,38011.0,ITA,,
Martinique,France,2020-05-30 18:33:27,14.6415,-61.0242,200,14,98.0,88.0,,53.29567105911822,,,7.0,474.0,MTQ,,
Mato Grosso,Brazil,2020-05-30 18:33:27,-12.6819,-56.9211,2103,56,,2047.0,,60.35358072083355,,,2.662862577270566,7611.0,BRA,,
Mato Grosso do Sul,Brazil,2020-05-30 18:33:27,-20.7722,-54.7852,1356,18,,1338.0,,48.79477622413355,,,1.327433628318584,7612.0,BRA,,
Maule,Chile,2020-05-30 18:33:27,-35.5183,-71.6885,1256,15,,1241.0,,120.19713861907269,,,1.1942675159235672,15211.0,CHL,,
Mayotte,France,2020-05-30 18:33:27,-12.8275,45.166244,1699,21,1385.0,293.0,,622.7709090109342,,,1.2360211889346675,175.0,MYT,,
Mecklenburg-Vorpommern,Germany,2020-05-30 18:33:27,53.6127,12.4296,761,20,721.0,20.0,,47.276624163262774,,,2.628120893561104,27608.0,DEU,,
Melilla,Spain,2020-05-30 18:33:27,35.2923,-2.9381,121,2,125.0,-6.0,,142.8756981426159,,,1.6528925619834711,72415.0,ESP,,
Meta,Colombia,2020-05-30 18:33:27,3.272,-73.0877,974,9,101.0,864.0,,93.6788872410125,,,0.9240246406570842,17021.0,COL,,
Metropolitana,Chile,2020-05-30 18:33:27,-33.4376,-70.6505,76251,728,,75523.0,,1072.0238758026367,,,0.9547415771596438,15212.0,CHL,,
Mexico,Mexico,2020-05-30 18:33:27,19.4969,-99.7233,14063,1087,10905.0,2071.0,,80.69296221724039,,,7.729502951006187,48415.0,MEX,,
Michoacan,Mexico,2020-05-30 18:33:27,19.5665,-101.7068,1810,153,1226.0,431.0,,37.509835970109016,,,8.453038674033149,48416.0,MEX,,
Mie,Japan,2020-05-30 18:33:27,34.508018,136.376013,45,1,41.0,3.0,,2.526837825302294,,,2.2222222222222223,39223.0,JPN,,
Minas Gerais,Brazil,2020-05-30 18:33:27,-18.5122,-44.555,9232,257,,8975.0,,43.6113710981416,,,2.783795493934142,7613.0,BRA,,
Miyagi,Japan,2020-05-30 18:33:27,38.446859,140.927086,88,1,87.0,0.0,,3.8155278977958815,,,1.1363636363636365,39224.0,JPN,,
Miyazaki,Japan,2020-05-30 18:33:27,32.193203999999994,131.299374,17,0,17.0,0.0,,1.583898645393976,,,0.0,39225.0,JPN,,
Molise,Italy,2020-05-30 18:33:27,41.55774754,14.65916051,436,22,258.0,156.0,,142.66222101519222,,,5.045871559633029,38014.0,ITA,,
Montserrat,United Kingdom,2020-05-30 18:33:27,16.742498,-62.187366000000004,11,1,10.0,0.0,,220.0440088017604,,,9.090909090909092,500.0,MSR,,
Moquegua,Peru,2020-05-30 18:33:27,-16.860271,-70.839046,462,2,,460.0,,239.7509081473793,,,0.4329004329004329,60418.0,PER,,
Morelos,Mexico,2020-05-30 18:33:27,18.6813,-99.1013,1333,262,815.0,256.0,,65.21341370939572,,,19.654913728432106,48417.0,MEX,,
Murcia,Spain,2020-05-30 18:33:27,37.9922,-1.1307,1597,148,2180.0,-731.0,,107.3495811887504,,,9.267376330619912,72416.0,ESP,,
Nagano,Japan,2020-05-30 18:33:27,36.132134,138.045528,75,0,69.0,6.0,,3.660697289619727,,,0.0,39226.0,JPN,,
Nagasaki,Japan,2020-05-30 18:33:27,33.235712,129.608033,17,1,16.0,0.0,,1.2815448495466346,,,5.882352941176472,39227.0,JPN,,
Nara,Japan,2020-05-30 18:33:27,34.317451,135.871644,92,2,88.0,2.0,,6.916653572639523,,,2.1739130434782608,39228.0,JPN,,
Narino,Colombia,2020-05-30 18:33:27,1.2892,-77.3579,946,39,116.0,791.0,,58.01573906900071,,,4.12262156448203,17022.0,COL,,
Navarra,Spain,2020-05-30 18:33:27,42.6954,-1.6761,5247,490,3905.0,852.0,,807.2978370510782,,,9.338669716028207,72417.0,ESP,,
Nayarit,Mexico,2020-05-30 18:33:27,21.7514,-104.8455,524,51,327.0,146.0,,40.66520199507827,,,9.732824427480915,48418.0,MEX,,
New Brunswick,Canada,2020-05-30 18:33:27,46.5653,-66.4619,128,0,120.0,8.0,,16.410403683109976,,,0.0,12404.0,CAN,,
New Caledonia,France,2020-05-30 18:33:27,-20.904304999999997,165.618042,19,0,18.0,1.0,,6.655201039612456,,,0.0,540.0,NCL,,
New South Wales,Australia,2020-05-30 18:33:27,-33.8688,151.2093,3092,48,2683.0,361.0,,38.08819906380882,,,1.552393272962484,3602.0,AUS,,
Newfoundland and Labrador,Canada,2020-05-30 18:33:27,53.1355,-57.6604,261,3,255.0,3.0,,50.06089783548954,,,1.1494252873563218,12405.0,CAN,,
Niedersachsen,Germany,2020-05-30 18:33:27,52.6367,9.8451,11958,596,10600.0,762.0,,149.80366925033525,,,4.984111055360428,27609.0,DEU,,
Niigata,Japan,2020-05-30 18:33:27,37.521819,138.918647,82,0,77.0,5.0,,3.688533070397903,,,0.0,39229.0,JPN,,
Ningxia,China,2020-05-30 18:33:27,37.2692,106.1655,75,0,75.0,0.0,,1.0901162790697674,,,0.0,15620.0,CHN,,
Nordrhein-Westfalen,Germany,2020-05-30 18:33:27,51.4332,7.6616,37910,1595,34300.0,2015.0,,211.40209554069835,,,4.207333157478239,27610.0,DEU,,
Norte de Santander,Colombia,2020-05-30 18:33:27,7.9463,-72.8988,128,13,85.0,30.0,,8.580877113124787,,,10.15625,17023.0,COL,,
Northern Territory,Australia,2020-05-30 18:33:27,-12.4634,130.8456,29,0,29.0,0.0,,11.807817589576548,,,0.0,3603.0,AUS,,
Northwest Territories,Canada,2020-05-30 18:33:27,64.8255,-124.8457,5,0,5.0,0.0,,11.134865490824868,,,0.0,12406.0,CAN,,
Nova Scotia,Canada,2020-05-30 18:33:27,44.681999999999995,-63.7443,1056,60,978.0,18.0,,108.03544299135409,,,5.6818181818181825,12407.0,CAN,,
Nuble,Chile,2020-05-30 18:33:27,-36.7226,-71.7622,1256,23,,1233.0,,261.3350977613819,,,1.8312101910828025,15213.0,CHL,,
Nuevo Leon,Mexico,2020-05-30 18:33:27,25.5922,-99.9962,1361,85,975.0,301.0,,24.259587929241857,,,6.245407788390889,48419.0,MEX,,
OHiggins,Chile,2020-05-30 18:33:27,-34.5755,-71.0022,756,16,,740.0,,82.66315311818316,,,2.1164021164021163,15214.0,CHL,,
Oaxaca,Mexico,2020-05-30 18:33:27,17.0732,-96.7266,1251,141,778.0,332.0,,30.19118914430061,,,11.270983213429256,48420.0,MEX,,
Oita,Japan,2020-05-30 18:33:27,33.200697,131.43323999999998,60,1,58.0,1.0,,5.284322998958988,,,1.6666666666666667,39230.0,JPN,,
Okayama,Japan,2020-05-30 18:33:27,34.89246,133.826252,25,0,25.0,0.0,,1.323041131761137,,,0.0,39231.0,JPN,,
Okinawa,Japan,2020-05-30 18:33:27,25.768923,126.668016,145,6,137.0,2.0,,9.978199354788986,,,4.137931034482759,39232.0,JPN,,
Ontario,Canada,2020-05-30 18:33:27,51.2538,-85.3232,28857,2314,21545.0,4998.0,,196.148309791843,,,8.01885157847316,12408.0,CAN,,
Osaka,Japan,2020-05-30 18:33:27,34.620965000000005,135.507481,1782,83,1552.0,147.0,,20.228477359827266,,,4.657687991021325,39233.0,JPN,,
P.A. Bolzano,Italy,2020-05-30 18:33:27,46.49933453,11.35662422,2596,291,2168.0,137.0,,487.6784177878636,,,11.209553158705699,38041.0,ITA,,
P.A. Trento,Italy,2020-05-30 18:33:27,46.06893511,11.12123097,4429,462,3601.0,366.0,,818.0370804073747,,,10.43124858884624,38042.0,ITA,,
Pais Vasco,Spain,2020-05-30 18:33:27,42.9896,-2.6189,13506,1424,16160.0,-4078.0,,620.1443605708304,,,10.54346216496372,72418.0,ESP,,
Para,Brazil,2020-05-30 18:33:27,-1.9981,-54.9306,36486,2827,,33659.0,,424.11452463801305,,,7.748177383105848,7614.0,BRA,,
Paraiba,Brazil,2020-05-30 18:33:27,-7.24,-36.782,12011,327,,11684.0,,298.92036762401983,,,2.7225043709932564,7615.0,BRA,,
Parana,Brazil,2020-05-30 18:33:27,-25.2521,-52.0215,4236,173,,4063.0,,37.04754180901677,,,4.084041548630784,7616.0,BRA,,
Pasco,Peru,2020-05-30 18:33:27,-10.39655,-75.307635,448,8,,440.0,,164.76645825671199,,,1.7857142857142858,60419.0,PER,,
Pernambuco,Brazil,2020-05-30 18:33:27,-8.8137,-36.9541,32255,2669,,29586.0,,337.4988006262588,,,8.274686095179042,7617.0,BRA,,
Piaui,Brazil,2020-05-30 18:33:27,-7.7183,-42.7289,4503,146,,4357.0,,137.5706603911064,,,3.2422829224961136,7618.0,BRA,,
Piemonte,Italy,2020-05-30 18:33:27,45.0732745,7.680687483,30583,3858,21435.0,5290.0,,702.0236405881363,,,12.614851388026027,38001.0,ITA,,
Piura,Peru,2020-05-30 18:33:27,-5.133361,-80.335861,7180,507,,6673.0,,350.5859375,,,7.061281337047354,60420.0,PER,,
Port Quarantine,Japan,2020-05-30 18:33:27,,,194,0,153.0,41.0,,,,,0.0,39248.0,JPN,,
Prince Edward Island,Canada,2020-05-30 18:33:27,46.5107,-63.4168,27,0,27.0,0.0,,17.071536058877832,,,0.0,12409.0,CAN,,
Puebla,Mexico,2020-05-30 18:33:27,19.0414,-98.2063,2843,346,1746.0,751.0,,43.04672712387449,,,12.170242701371789,48421.0,MEX,,
Puglia,Italy,2020-05-30 18:33:27,41.12559576,16.86736689,4490,500,2768.0,1222.0,,111.44057921303094,,,11.135857461024498,38016.0,ITA,,
Puno,Peru,2020-05-30 18:33:27,-14.995826999999998,-69.922726,321,7,,314.0,,25.92891760904685,,,2.1806853582554515,60421.0,PER,,
Putumayo,Colombia,2020-05-30 18:33:27,0.436,-75.5277,8,1,,7.0,,2.297648930731629,,,12.5,17024.0,COL,,
Qinghai,China,2020-05-30 18:33:27,35.7452,95.9956,18,0,18.0,0.0,,0.29850746268656714,,,0.0,15621.0,CHN,,
Quebec,Canada,2020-05-30 18:33:27,52.9399,-73.5491,50651,4439,16070.0,30142.0,,593.2646292186841,,,8.763894098833191,12410.0,CAN,,
Queensland,Australia,2020-05-30 18:33:27,-27.4698,153.0251,1058,7,1045.0,6.0,,20.682240250219923,,,0.6616257088846881,3604.0,AUS,,
Queretaro,Mexico,2020-05-30 18:33:27,20.5888,-100.3899,833,100,494.0,239.0,,36.54090541608159,,,12.004801920768307,48422.0,MEX,,
Quindio,Colombia,2020-05-30 18:33:27,4.461,-75.6674,107,2,74.0,31.0,,19.818338074917023,,,1.8691588785046729,17025.0,COL,,
Quintana Roo,Mexico,2020-05-30 18:33:27,19.1817,-88.4791,1815,341,1193.0,281.0,,105.3236919116627,,,18.78787878787879,48423.0,MEX,,
Reunion,France,2020-05-30 18:33:27,-21.1151,55.5364,471,1,411.0,59.0,,52.60759425806538,,,0.21231422505307854,638.0,REU,,
Rheinland-Pfalz,Germany,2020-05-30 18:33:27,50.1183,7.309,6695,230,6181.0,284.0,,163.8985479004829,,,3.4353995519044065,27611.0,DEU,,
Rio Grande do Norte,Brazil,2020-05-30 18:33:27,-5.4026,-36.9541,6463,268,,6195.0,,184.2962907199133,,,4.146681107844654,7620.0,BRA,,
Rio Grande do Sul,Brazil,2020-05-30 18:33:27,-30.0346,-51.2177,8234,213,,8021.0,,72.37256772051637,,,2.5868350740830697,7621.0,BRA,,
Rio de Janeiro,Brazil,2020-05-30 18:33:27,-22.9068,-43.1729,47953,5079,,42874.0,,277.7478037431111,,,10.591620962192147,7619.0,BRA,,
Risaralda,Colombia,2020-05-30 18:33:27,5.3158,-75.9928,251,8,206.0,37.0,,26.605865374321205,,,3.187250996015936,17026.0,COL,,
Rondonia,Brazil,2020-05-30 18:33:27,-11.5057,-63.5806,4502,145,,4357.0,,253.3162655263121,,,3.2207907596623717,7622.0,BRA,,
Roraima,Brazil,2020-05-30 18:33:27,-2.7376,-62.0751,3098,108,,2990.0,,511.4228218719923,,,3.486120077469335,7623.0,BRA,,
Saarland,Germany,2020-05-30 18:33:27,49.3964,7.023,2731,165,2491.0,75.0,,275.71682841852015,,,6.0417429512998915,27612.0,DEU,,
Sachsen,Germany,2020-05-30 18:33:27,51.1045,13.2017,5299,213,4850.0,236.0,,129.94315508062041,,,4.01962634459332,27613.0,DEU,,
Sachsen-Anhalt,Germany,2020-05-30 18:33:27,51.9503,11.6923,1704,55,1596.0,53.0,,77.16269509731602,,,3.227699530516432,27614.0,DEU,,
Saga,Japan,2020-05-30 18:33:27,33.286977,130.115738,45,0,37.0,8.0,,5.523431008050707,,,0.0,39234.0,JPN,,
Saint Barthelemy,France,2020-05-30 18:33:27,17.9,-62.8333,6,0,6.0,0.0,,60.69802731411229,,,0.0,652.0,BLM,,
Saint Pierre and Miquelon,France,2020-05-30 18:33:27,46.8852,-56.3159,1,0,1.0,0.0,,17.25625539257981,,,0.0,666.0,SPM,,
Saitama,Japan,2020-05-30 18:33:27,35.997101,139.347635,1004,48,890.0,66.0,,13.660434524271967,,,4.7808764940239055,39235.0,JPN,,
San Andres y Providencia,Colombia,2020-05-30 18:33:27,12.5567,-81.7185,17,0,11.0,6.0,,27.74151436031332,,,0.0,17027.0,COL,,
San Luis Potosi,Mexico,2020-05-30 18:33:27,22.1565,-100.9855,850,49,538.0,263.0,,29.656590636472306,,,5.764705882352941,48424.0,MEX,,
San Martin,Peru,2020-05-30 18:33:27,-7.039531,-76.729127,1151,19,,1132.0,,127.94575366829703,,,1.6507384882710687,60422.0,PER,,
Santa Catarina,Brazil,2020-05-30 18:33:27,-27.2423,-50.2189,8530,134,,8396.0,,119.05446469595472,,,1.5709261430246193,7624.0,BRA,,
Santander,Colombia,2020-05-30 18:33:27,6.6437,-73.6536,59,3,38.0,18.0,,2.7004302838152228,,,5.084745762711863,17028.0,COL,,
Sao Paulo,Brazil,2020-05-30 18:33:27,-23.5505,-46.6333,101556,7275,,94281.0,,221.163116858104,,,7.163535389341841,7625.0,BRA,,
Sardegna,Italy,2020-05-30 18:33:27,39.21531192,9.110616306,1356,130,1040.0,186.0,,82.70355228834508,,,9.587020648967552,38020.0,ITA,,
Saskatchewan,Canada,2020-05-30 18:33:27,52.9399,-106.4509,641,10,570.0,61.0,,54.24544668290361,,,1.5600624024960998,12411.0,CAN,,
Schleswig-Holstein,Germany,2020-05-30 18:33:27,54.2194,9.6961,3090,145,2800.0,145.0,,106.67266887422707,,,4.692556634304207,27615.0,DEU,,
Sergipe,Brazil,2020-05-30 18:33:27,-10.5741,-37.3857,6462,142,,6320.0,,281.1159022332662,,,2.1974620860414733,7626.0,BRA,,
Shaanxi,China,2020-05-30 18:33:27,35.1917,108.8701,308,3,305.0,0.0,,0.7971014492753623,,,0.9740259740259741,15622.0,CHN,,
Shandong,China,2020-05-30 18:33:27,36.3427,118.1498,791,7,780.0,4.0,,0.7872996914501841,,,0.8849557522123894,15623.0,CHN,,
Shanghai,China,2020-05-30 18:33:27,31.201999999999998,121.4491,672,7,657.0,8.0,,2.7722772277227716,,,1.0416666666666667,15624.0,CHN,,
Shanxi,China,2020-05-30 18:33:27,37.5777,112.2922,198,0,198.0,0.0,,0.5325443786982249,,,0.0,15625.0,CHN,,
Shiga,Japan,2020-05-30 18:33:27,35.21582700000001,136.13806399999999,100,1,91.0,8.0,,7.072420882595693,,,1.0,39236.0,JPN,,
Shimane,Japan,2020-05-30 18:33:27,35.07076,132.55406399999998,24,0,20.0,4.0,,3.5590038348266315,,,0.0,39237.0,JPN,,
Shizuoka,Japan,2020-05-30 18:33:27,34.916975,138.40778400000002,75,1,72.0,2.0,,2.0584444527392134,,,1.3333333333333333,39238.0,JPN,,
Sichuan,China,2020-05-30 18:33:27,30.6171,102.7103,564,3,558.0,3.0,,0.6761779163169884,,,0.5319148936170213,15626.0,CHN,,
Sicilia,Italy,2020-05-30 18:33:27,38.11569725,13.362356699999998,3442,273,2170.0,999.0,,68.84150074471623,,,7.9314352120859954,38019.0,ITA,,
Sinaloa,Mexico,2020-05-30 18:33:27,25.1721,-107.4795,3125,460,2193.0,472.0,,98.99660211982612,,,14.72,48425.0,MEX,,
Sint Maarten,Netherlands,2020-05-30 18:33:27,18.0425,-63.0548,77,15,60.0,2.0,,179.56252040483187,,,19.48051948051948,534.0,SXM,,
Sonora,Mexico,2020-05-30 18:33:27,29.2972,-110.3309,1803,102,1317.0,384.0,,58.639009088558566,,,5.657237936772047,48426.0,MEX,,
South Australia,Australia,2020-05-30 18:33:27,-34.9285,138.6007,440,4,435.0,1.0,,25.04981497295759,,,0.9090909090909092,3605.0,AUS,,
St Martin,France,2020-05-30 18:33:27,18.0708,-63.0501,41,3,33.0,5.0,,106.0555110064927,,,7.317073170731707,663.0,MAF,,
Sucre,Colombia,2020-05-30 18:33:27,8.814,-74.7233,15,0,3.0,12.0,,1.6577095096163728,,,0.0,17029.0,COL,,
Tabasco,Mexico,2020-05-30 18:33:27,17.8409,-92.6189,3872,485,2639.0,748.0,,150.52752667179053,,,12.525826446280991,48427.0,MEX,,
Tacna,Peru,2020-05-30 18:33:27,-17.644160999999997,-70.27756,372,4,,368.0,,100.26954177897574,,,1.075268817204301,60423.0,PER,,
Tamaulipas,Mexico,2020-05-30 18:33:27,24.2669,-98.8363,1504,102,1081.0,321.0,,41.19868449094149,,,6.781914893617022,48428.0,MEX,,
Tarapaca,Chile,2020-05-30 18:33:27,-19.9232,-69.5132,2250,18,,2232.0,,680.6672354019566,,,0.8,15215.0,CHL,,
Tasmania,Australia,2020-05-30 18:33:27,-42.8821,147.3272,228,13,205.0,10.0,,42.57703081232493,,,5.701754385964912,3606.0,AUS,,
Thuringen,Germany,2020-05-30 18:33:27,51.011,10.8453,2977,162,2590.0,225.0,,138.90800669110115,,,5.441719852200202,27616.0,DEU,,
Tianjin,China,2020-05-30 18:33:27,39.3054,117.323,192,3,188.0,1.0,,1.2307692307692308,,,1.5625,15627.0,CHN,,
Tibet,China,2020-05-30 18:33:27,31.6927,88.0924,1,0,1.0,0.0,,0.02906976744186046,,,0.0,15628.0,CHN,,
Tlaxcala,Mexico,2020-05-30 18:33:27,19.3139,-98.2404,974,147,593.0,234.0,,70.57914755751945,,,15.092402464065707,48429.0,MEX,,
Tocantins,Brazil,2020-05-30 18:33:27,-10.1753,-48.2982,3611,70,,3541.0,,229.5809051756475,,,1.9385211852672388,7627.0,BRA,,
Tochigi,Japan,2020-05-30 18:33:27,36.689912,139.819213,65,0,46.0,19.0,,3.36092740913862,,,0.0,39239.0,JPN,,
Tokushima,Japan,2020-05-30 18:33:27,33.919178,134.242091,5,1,4.0,0.0,,0.6868348862670112,,,20.0,39240.0,JPN,,
Tokyo,Japan,2020-05-30 18:33:27,35.711343,139.446921,5235,304,4508.0,423.0,,37.605967474394,,,5.807067812798473,39241.0,JPN,,
Tolima,Colombia,2020-05-30 18:33:27,4.0925,-75.1545,247,9,122.0,116.0,,18.5688177677274,,,3.643724696356276,17030.0,COL,,
Toscana,Italy,2020-05-30 18:33:27,43.76923077,11.25588885,10100,1037,7897.0,1166.0,,270.8035438263361,,,10.267326732673267,38009.0,ITA,,
Tottori,Japan,2020-05-30 18:33:27,35.359069,133.863619,3,0,3.0,0.0,,0.5399976240104544,,,0.0,39242.0,JPN,,
Toyama,Japan,2020-05-30 18:33:27,36.637464,137.26934599999998,227,22,187.0,18.0,,21.75367177063389,,,9.691629955947137,39243.0,JPN,,
Tumbes,Peru,2020-05-30 18:33:27,-3.857496,-80.54525500000003,1219,70,,1149.0,,484.6918489065606,,,5.742411812961444,60424.0,PER,,
Turks and Caicos Islands,United Kingdom,2020-05-30 18:33:27,21.69400000000001,-71.7979,12,1,10.0,1.0,,30.99333643266697,,,8.333333333333334,796.0,TCA,,
Ucayali,Peru,2020-05-30 18:33:27,-9.621718,-73.444929,3645,106,,3539.0,,618.7404515362417,,,2.9080932784636486,60425.0,PER,,
Umbria,Italy,2020-05-30 18:33:27,43.10675841,12.38824698,1431,76,1324.0,31.0,,162.2421387391371,,,5.310971348707199,38010.0,ITA,,
Unknown,Brazil,2020-05-30 18:33:27,,,0,0,189476.0,-189476.0,,,,,,7628.0,BRA,,
Unknown,Chile,2020-05-30 18:33:27,,,0,0,40431.0,-40431.0,,,,,,15217.0,CHL,,
Unknown,Germany,2020-05-30 18:33:27,,,1646,0,,1646.0,,,,,0.0,27617.0,DEU,,
Unknown,Japan,2020-05-30 18:33:27,,,8,0,,8.0,,,,,0.0,39249.0,JPN,,
Unknown,Peru,2020-05-30 18:33:27,,,0,0,62791.0,-62791.0,,,,,,60426.0,PER,,
Unknown,Spain,2020-05-30 18:33:27,,,0,0,,0.0,,,,,,72420.0,ESP,,
Valle d'Aosta,Italy,2020-05-30 18:33:27,45.73750286,7.320149366,1183,143,1023.0,17.0,,941.3843044260183,,,12.087912087912088,38002.0,ITA,,
Valle del Cauca,Colombia,2020-05-30 18:33:27,3.8009,-76.6413,3083,149,855.0,2079.0,,68.88021723520215,,,4.832954914044762,17031.0,COL,,
Valparaiso,Chile,2020-05-30 18:33:27,-33.0472,-71.6127,3037,63,,2974.0,,167.24470813953616,,,2.0744155416529466,15216.0,CHL,,
Vaupes,Colombia,2020-05-30 18:33:27,0.8554,-70.812,11,0,,11.0,,26.962766870113,,,0.0,17032.0,COL,,
Veneto,Italy,2020-05-30 18:33:27,45.43490485,12.33845213,19146,1916,15618.0,1612.0,,390.2684425586249,,,10.007312232320066,38005.0,ITA,,
Veracruz,Mexico,2020-05-30 18:33:27,19.1738,-96.1342,3562,495,2438.0,629.0,,41.71027588033624,,,13.896687254351487,48430.0,MEX,,
Vichada,Colombia,2020-05-30 18:33:27,4.4234,-69.2878,1,0,,1.0,,0.9275749480558028,,,0.0,17033.0,COL,,
Victoria,Australia,2020-05-30 18:33:27,-37.8136,144.9631,1645,19,1553.0,73.0,,24.81183728261361,,,1.155015197568389,3607.0,AUS,,
Wakayama,Japan,2020-05-30 18:33:27,33.911879,135.505446,63,3,57.0,3.0,,6.811304170139892,,,4.761904761904762,39244.0,JPN,,
Western Australia,Australia,2020-05-30 18:33:27,-31.9505,115.8605,586,9,552.0,25.0,,22.276286778681673,,,1.5358361774744027,3608.0,AUS,,
Xinjiang,China,2020-05-30 18:33:27,41.1129,85.2401,76,3,73.0,0.0,,0.30558906312826695,,,3.947368421052632,15629.0,CHN,,
Yamagata,Japan,2020-05-30 18:33:27,38.448396,140.102154,69,0,66.0,3.0,,6.402725890953227,,,0.0,39245.0,JPN,,
Yamaguchi,Japan,2020-05-30 18:33:27,34.201190000000004,131.573293,37,0,35.0,2.0,,2.7239210327930645,,,0.0,39246.0,JPN,,
Yamanashi,Japan,2020-05-30 18:33:27,35.612364,138.61148899999998,64,1,57.0,6.0,,7.891920153497847,,,1.5625,39247.0,JPN,,
Yucatan,Mexico,2020-05-30 18:33:27,20.7099,-89.0943,1696,142,1177.0,377.0,,75.07421103466959,,,8.372641509433961,48431.0,MEX,,
Yukon,Canada,2020-05-30 18:33:27,64.2823,-135.0,11,0,11.0,0.0,,26.778324163785967,,,0.0,12412.0,CAN,,
Yunnan,China,2020-05-30 18:33:27,24.974,101.48700000000001,185,2,183.0,0.0,,0.3830227743271222,,,1.0810810810810811,15630.0,CHN,,
Zacatecas,Mexico,2020-05-30 18:33:27,22.7709,-102.5832,279,32,185.0,62.0,,16.742417605102176,,,11.469534050179211,48432.0,MEX,,
Zhejiang,China,2020-05-30 18:33:27,29.1832,120.0934,1268,1,1267.0,0.0,,2.2102143977688686,,,0.07886435331230282,15631.0,CHN,,
Diamond Princess,Canada,2020-05-30 18:33:27,,,1,1,,0.0,,,,,100.0,12413.0,CAN,,
Grand Princess,Canada,2020-05-30 18:33:27,,,13,0,13.0,0.0,,,,,0.0,12414.0,CAN,,
